-- MySQL dump 10.13  Distrib 5.7.26, for Linux (x86_64)
--
-- Host: localhost    Database: nutriphi
-- ------------------------------------------------------
-- Server version	5.7.26-0ubuntu0.16.04.1

/*!40101 SET @OLD_CHARACTER_SET_CLIENT=@@CHARACTER_SET_CLIENT */;
/*!40101 SET @OLD_CHARACTER_SET_RESULTS=@@CHARACTER_SET_RESULTS */;
/*!40101 SET @OLD_COLLATION_CONNECTION=@@COLLATION_CONNECTION */;
/*!40101 SET NAMES utf8 */;
/*!40103 SET @OLD_TIME_ZONE=@@TIME_ZONE */;
/*!40103 SET TIME_ZONE='+00:00' */;
/*!40014 SET @OLD_UNIQUE_CHECKS=@@UNIQUE_CHECKS, UNIQUE_CHECKS=0 */;
/*!40014 SET @OLD_FOREIGN_KEY_CHECKS=@@FOREIGN_KEY_CHECKS, FOREIGN_KEY_CHECKS=0 */;
/*!40101 SET @OLD_SQL_MODE=@@SQL_MODE, SQL_MODE='NO_AUTO_VALUE_ON_ZERO' */;
/*!40111 SET @OLD_SQL_NOTES=@@SQL_NOTES, SQL_NOTES=0 */;

--
-- Table structure for table `change`
--

DROP TABLE IF EXISTS `change`;
/*!40101 SET @saved_cs_client     = @@character_set_client */;
/*!40101 SET character_set_client = utf8 */;
CREATE TABLE `change` (
  `id` int(11) NOT NULL AUTO_INCREMENT,
  `dateOfChange` varchar(255) NOT NULL,
  `userId` int(11) DEFAULT NULL,
  PRIMARY KEY (`id`),
  UNIQUE KEY `IDX_67cbec8d9a6a7de27a29328c74` (`dateOfChange`,`userId`),
  KEY `FK_904f678b88da3039bd9f604f4c5` (`userId`),
  CONSTRAINT `FK_904f678b88da3039bd9f604f4c5` FOREIGN KEY (`userId`) REFERENCES `user` (`id`) ON DELETE CASCADE
) ENGINE=InnoDB DEFAULT CHARSET=latin1;
/*!40101 SET character_set_client = @saved_cs_client */;

--
-- Dumping data for table `change`
--

LOCK TABLES `change` WRITE;
/*!40000 ALTER TABLE `change` DISABLE KEYS */;
/*!40000 ALTER TABLE `change` ENABLE KEYS */;
UNLOCK TABLES;

--
-- Table structure for table `consumed`
--

DROP TABLE IF EXISTS `consumed`;
/*!40101 SET @saved_cs_client     = @@character_set_client */;
/*!40101 SET character_set_client = utf8 */;
CREATE TABLE `consumed` (
  `id` int(11) NOT NULL AUTO_INCREMENT,
  `foodId` int(11) DEFAULT NULL,
  `gramsConsumed` int(11) DEFAULT NULL,
  `mlConsumed` int(11) DEFAULT NULL,
  `totalKcalConsumed` int(11) NOT NULL,
  `choGrams` int(11) NOT NULL,
  `proGrams` int(11) NOT NULL,
  `fatGrams` int(11) NOT NULL,
  `period` varchar(255) NOT NULL,
  `dateConsumed` varchar(255) NOT NULL,
  `userId` int(11) DEFAULT NULL,
  PRIMARY KEY (`id`),
  KEY `FK_f9c5470e178a5cfacdd7fc91e6c` (`userId`),
  KEY `FK_266b72069cdc7585bde0e551f4c` (`foodId`),
  CONSTRAINT `FK_266b72069cdc7585bde0e551f4c` FOREIGN KEY (`foodId`) REFERENCES `food` (`id`) ON DELETE CASCADE,
  CONSTRAINT `FK_f9c5470e178a5cfacdd7fc91e6c` FOREIGN KEY (`userId`) REFERENCES `user` (`id`) ON DELETE CASCADE
) ENGINE=InnoDB AUTO_INCREMENT=434 DEFAULT CHARSET=latin1;
/*!40101 SET character_set_client = @saved_cs_client */;

--
-- Dumping data for table `consumed`
--

LOCK TABLES `consumed` WRITE;
/*!40000 ALTER TABLE `consumed` DISABLE KEYS */;
INSERT INTO `consumed` VALUES (9,530,50,NULL,187,5,8,15,'breakfast','2019-04-23T03:40:59',5),(10,84,240,NULL,120,30,0,0,'breakfast','2019-04-23T03:41:22',5),(11,188,30,NULL,41,0,8,1,'lunch','2019-04-23T03:47:00',5),(12,188,30,NULL,41,0,8,1,'lunch','2019-04-23T04:01:29',5),(13,35,165,NULL,120,30,0,0,'breakfast','2019-04-23T04:01:40',5),(14,102,320,NULL,400,92,8,0,'dinner','2019-04-23T04:02:03',5),(15,188,30,NULL,41,0,8,1,'breakfast','2019-04-23T04:03:42',5),(16,190,90,NULL,123,0,24,3,'lunch','2019-04-26T16:06:08',6),(17,102,160,NULL,200,46,4,0,'lunch','2019-04-26T16:06:40',6),(18,35,110,NULL,80,20,0,0,'lunch','2019-04-26T16:07:00',6),(19,402,NULL,237,100,25,0,0,'breakfast','2019-04-24T16:07:55',6),(20,402,NULL,237,20,25,0,0,'lunch','2019-04-30T03:52:07',8),(26,24,540,NULL,160,40,0,0,'dinner','2019-04-30T04:40:37',8),(27,92,125,NULL,170,12,8,10,'breakfast','2019-04-30T13:51:00',8),(33,188,30,NULL,41,0,8,1,'lunch','2019-04-30T14:17:09',8),(34,91,125,NULL,170,12,8,10,'breakfast','2019-04-30T18:17:37',8),(35,136,40,NULL,100,23,2,0,'breakfast','2019-05-03T19:15:57',8),(40,402,NULL,474,200,50,0,0,'breakfast','2019-05-04T20:23:54',8),(41,402,NULL,718,303,76,0,0,'breakfast','2019-05-05T10:49:03',8),(42,136,40,NULL,100,23,2,0,'breakfast','2019-05-05T10:49:10',8),(43,188,90,NULL,123,0,24,3,'breakfast','2019-05-05T10:49:22',8),(44,188,30,NULL,41,0,8,1,'lunch','2019-05-07T18:15:12',8),(45,433,NULL,125,70,17,0,0,'lunch','2019-05-07T18:15:23',8),(46,530,50,NULL,187,5,8,15,'lunch','2019-05-08T18:32:02',8),(47,530,50,NULL,187,5,8,15,'lunch','2019-05-08T18:32:03',8),(48,137,40,NULL,100,23,2,0,'lunch','2019-05-08T18:32:05',8),(49,402,NULL,237,100,25,0,0,'lunch','2019-05-08T18:32:08',8),(54,137,40,NULL,100,23,2,0,'breakfast','2019-05-08T23:09:02',8),(55,402,NULL,237,100,25,0,0,'breakfast','2019-05-08T23:09:02',8),(56,530,50,NULL,187,5,8,15,'breakfast','2019-05-08T23:09:02',8),(57,530,50,NULL,187,5,8,15,'breakfast','2019-05-08T23:09:02',8),(70,402,NULL,237,100,25,0,0,'breakfast','2019-05-07T23:16:13',8),(71,137,40,NULL,100,23,2,0,'breakfast','2019-05-07T23:16:13',8),(72,530,50,NULL,187,5,8,15,'breakfast','2019-05-07T23:16:13',8),(73,530,50,NULL,187,5,8,15,'breakfast','2019-05-07T23:16:13',8),(74,137,40,NULL,100,23,2,0,'lunch','2019-05-07T23:17:57',8),(75,402,NULL,237,100,25,0,0,'lunch','2019-05-07T23:17:57',8),(76,530,50,NULL,187,5,8,15,'lunch','2019-05-07T23:17:57',8),(77,530,50,NULL,187,5,8,15,'lunch','2019-05-07T23:17:57',8),(78,530,250,NULL,935,25,40,75,'breakfast','2019-05-09T01:09:06',8),(79,402,NULL,2370,1000,250,0,0,'lunch','2019-05-09T01:09:35',8),(80,199,140,NULL,164,0,32,4,'lunch','2019-05-09T01:09:50',8),(81,199,35,NULL,41,0,8,1,'breakfast','2019-05-09T01:10:05',8),(82,402,NULL,237,100,25,0,0,'dinner','2019-05-11T01:14:11',8),(83,608,180,NULL,32,6,2,0,'breakfast','2019-04-30T02:38:55',8),(84,35,275,NULL,200,50,0,0,'lunch','2019-04-30T02:39:07',8),(85,259,100,NULL,86,0,8,6,'breakfast','2019-05-11T19:25:51',8),(88,188,30,NULL,41,0,8,1,'lunch','2019-05-12T11:04:07',8),(90,235,20,NULL,41,0,8,1,'breakfast','2019-05-12T11:08:50',8),(91,235,20,NULL,41,0,8,1,'dinner','2019-05-12T11:09:49',8),(92,35,385,NULL,280,70,0,0,'dinner','2019-05-12T11:10:54',8),(93,556,25,NULL,8,2,1,0,'breakfast','2019-05-12T11:16:49',8),(94,556,25,NULL,8,2,1,0,'breakfast','2019-05-12T11:17:49',8),(95,556,25,NULL,8,2,1,0,'breakfast','2019-05-12T11:18:29',8),(96,556,25,NULL,8,2,1,0,'breakfast','2019-05-12T11:19:00',8),(97,556,25,NULL,8,2,1,0,'breakfast','2019-05-12T11:19:32',8),(98,556,25,NULL,8,2,1,0,'breakfast','2019-05-12T11:20:43',8),(99,570,25,NULL,8,2,1,0,'breakfast','2019-05-12T11:24:10',8),(100,622,45,NULL,8,2,1,0,'lunch','2019-05-12T11:27:35',8),(102,402,NULL,237,100,25,0,0,'breakfast','2019-05-16T11:43:04',8),(103,522,70,NULL,144,0,8,12,'breakfast','2019-05-16T11:43:11',8),(104,356,410,NULL,80,20,0,0,'lunch','2019-05-16T11:45:04',8),(105,522,140,NULL,288,0,16,25,'lunch','2019-05-16T11:45:04',8),(106,402,NULL,237,100,25,0,0,'lunch','2019-05-16T11:45:04',8),(107,402,NULL,2844,1200,300,0,0,'breakfast','2019-05-16T11:53:47',8),(108,556,25,NULL,8,2,1,0,'lunch','2019-05-19T01:00:26',8),(109,356,820,NULL,160,40,0,0,'lunch','2019-05-19T01:00:26',8),(110,552,25,NULL,8,2,1,0,'lunch','2019-05-19T01:00:26',8),(111,137,40,NULL,100,23,2,0,'breakfast','2019-05-19T01:02:09',8),(112,402,NULL,237,100,25,0,0,'breakfast','2019-05-19T01:02:09',8),(113,530,50,NULL,187,5,8,15,'breakfast','2019-05-19T01:02:09',8),(114,530,50,NULL,187,5,8,15,'breakfast','2019-05-19T01:02:09',8),(115,556,25,NULL,8,2,1,0,'breakfast','2019-05-19T01:02:17',8),(116,235,20,NULL,41,0,8,1,'breakfast','2019-05-19T01:02:17',8),(117,199,35,NULL,41,0,8,1,'breakfast','2019-05-19T01:02:17',8),(118,556,25,NULL,8,2,1,0,'breakfast','2019-05-19T01:02:17',8),(119,556,25,NULL,8,2,1,0,'breakfast','2019-05-19T01:02:17',8),(120,556,25,NULL,8,2,1,0,'breakfast','2019-05-19T01:02:17',8),(123,199,245,NULL,287,0,56,7,'breakfast','2019-05-19T01:04:32',8),(124,556,25,NULL,8,2,1,0,'breakfast','2019-05-19T01:04:32',8),(125,556,25,NULL,8,2,1,0,'breakfast','2019-05-19T01:04:32',8),(126,556,25,NULL,8,2,1,0,'breakfast','2019-05-19T01:04:32',8),(130,608,45,NULL,8,2,1,0,'lunch','2019-05-19T01:44:48',8),(131,608,45,NULL,8,2,1,0,'lunch','2019-05-19T01:44:57',8),(132,556,25,NULL,8,2,1,0,'lunch','2019-05-19T01:45:38',8),(133,505,55,NULL,71,12,5,1,'lunch','2019-05-19T01:45:44',8),(141,556,25,NULL,8,2,1,0,'lunch','2019-05-19T20:23:32',8),(142,356,820,NULL,160,40,0,0,'lunch','2019-05-19T20:23:32',8),(143,552,25,NULL,8,2,1,0,'lunch','2019-05-19T20:23:32',8),(147,37,60,NULL,40,10,0,0,'lunch','2019-05-19T20:24:05',8),(148,631,45,NULL,8,2,1,0,'lunch','2019-05-19T20:24:12',8),(150,235,20,NULL,41,0,8,1,'dinner','2019-05-19T23:22:19',8),(151,556,25,NULL,8,2,1,0,'dinner','2019-05-19T23:22:19',8),(152,199,245,NULL,287,0,56,7,'dinner','2019-05-19T23:22:19',8),(153,556,25,NULL,8,2,1,0,'dinner','2019-05-19T23:22:19',8),(154,556,25,NULL,8,2,1,0,'dinner','2019-05-19T23:22:19',8),(155,556,25,NULL,8,2,1,0,'dinner','2019-05-19T23:22:19',8),(156,556,25,NULL,8,2,1,0,'dinner','2019-05-19T23:22:19',8),(157,556,25,NULL,8,2,1,0,'dinner','2019-05-19T23:22:19',8),(158,556,25,NULL,8,2,1,0,'dinner','2019-05-19T23:22:19',8),(159,199,35,NULL,41,0,8,1,'dinner','2019-05-19T23:22:19',8),(160,137,40,NULL,100,23,2,0,'dinner','2019-05-19T23:22:19',8),(161,530,50,NULL,187,5,8,15,'dinner','2019-05-19T23:22:19',8),(162,402,NULL,237,100,25,0,0,'dinner','2019-05-19T23:22:19',8),(163,530,50,NULL,187,5,8,15,'dinner','2019-05-19T23:22:19',8),(164,136,40,NULL,100,23,2,0,'dinner','2019-05-19T23:22:19',8),(169,175,30,NULL,41,0,8,1,'breakfast','2019-05-19T00:04:08',7),(177,402,NULL,237,100,25,0,0,'breakfast','2019-05-20T08:30:03',8),(181,574,25,NULL,8,2,1,0,'breakfast','2019-05-20T08:47:05',7),(182,402,NULL,237,100,25,0,0,'lunch','2019-05-20T22:34:48',7),(183,166,25,NULL,100,23,2,0,'breakfast','2019-05-21T15:04:31',11),(184,46,60,NULL,40,10,0,0,'breakfast','2019-05-21T15:06:22',11),(185,102,80,NULL,100,23,2,0,'lunch','2019-05-21T15:07:48',11),(186,250,50,NULL,172,0,16,12,'lunch','2019-05-21T15:08:34',11),(190,313,43,NULL,113,0,0,13,'lunch','2019-05-22T17:04:54',7),(191,651,45,NULL,8,2,1,0,'lunch','2019-05-22T19:35:49',7),(192,345,5,NULL,20,5,0,0,'breakfast','2019-05-22T19:36:03',7),(193,107,25,NULL,100,23,2,0,'lunch','2019-05-22T20:28:08',12),(194,246,60,NULL,86,0,8,6,'lunch','2019-05-22T20:28:35',12),(195,257,40,NULL,86,0,8,6,'lunch','2019-05-22T20:28:44',12),(196,102,80,NULL,100,23,2,0,'dinner','2019-05-22T20:29:14',12),(197,228,35,NULL,41,0,8,1,'dinner','2019-05-22T20:29:22',12),(198,605,45,NULL,8,2,1,0,'dinner','2019-05-22T20:29:39',12),(199,246,60,NULL,86,0,8,6,'dinner','2019-05-22T20:30:51',12),(200,503,45,NULL,235,23,2,15,'breakfast','2019-05-22T20:51:03',14),(201,539,75,NULL,347,0,8,35,'lunch','2019-05-22T20:52:20',14),(202,102,80,NULL,100,23,2,0,'lunch','2019-05-22T20:53:28',14),(203,169,90,NULL,100,23,2,0,'dinner','2019-05-23T00:23:59',15),(204,522,70,NULL,144,0,8,12,'breakfast','2019-05-23T01:22:58',16),(205,224,35,NULL,41,0,8,1,'lunch','2019-05-23T14:37:20',12),(206,102,80,NULL,100,23,2,0,'lunch','2019-05-23T14:37:33',12),(207,522,70,NULL,144,0,8,12,'breakfast','2019-05-24T00:09:18',18),(208,402,NULL,711,300,75,0,0,'lunch','2019-05-24T00:21:31',18),(209,402,NULL,237,100,25,0,0,'breakfast','2019-05-24T15:06:15',7),(210,522,70,NULL,144,0,8,12,'breakfast','2019-05-25T09:47:14',19),(211,102,160,NULL,200,46,4,0,'breakfast','2019-05-25T09:47:45',19),(212,246,60,NULL,86,0,8,6,'breakfast','2019-05-25T09:48:00',19),(213,26,40,NULL,40,10,0,0,'breakfast','2019-05-25T16:18:18',20),(214,102,80,NULL,100,23,2,0,'breakfast','2019-05-25T16:18:39',20),(215,246,60,NULL,86,0,8,6,'breakfast','2019-05-25T16:18:52',20),(216,26,40,NULL,40,10,0,0,'lunch','2019-05-25T16:19:27',20),(217,533,55,NULL,212,0,8,20,'lunch','2019-05-25T16:20:04',20),(218,102,80,NULL,100,23,2,0,'lunch','2019-05-25T18:46:34',12),(219,189,30,NULL,41,0,8,1,'lunch','2019-05-25T18:46:58',12),(220,471,40,NULL,145,23,2,5,'dinner','2019-05-25T18:47:42',12),(221,169,180,NULL,200,46,4,0,'dinner','2019-05-25T18:47:59',12),(222,351,320,NULL,160,40,0,0,'breakfast','2019-05-26T11:06:24',12),(226,102,160,NULL,200,46,4,0,'lunch','2019-05-26T17:13:17',25),(227,631,45,NULL,8,2,1,0,'lunch','2019-05-26T17:14:00',25),(228,286,5,NULL,45,0,0,5,'lunch','2019-05-26T17:14:26',25),(229,88,60,NULL,120,30,0,0,'lunch','2019-05-26T17:15:28',25),(230,420,NULL,250,201,31,8,5,'breakfast','2019-05-27T09:31:23',28),(231,134,40,NULL,100,23,2,0,'breakfast','2019-05-27T09:31:49',28),(234,522,70,NULL,144,0,8,12,'breakfast','2019-05-27T10:50:09',29),(235,246,60,NULL,86,0,8,6,'breakfast','2019-05-27T10:50:09',29),(236,102,80,NULL,100,23,2,0,'breakfast','2019-05-27T10:50:09',29),(237,136,40,NULL,100,23,2,0,'breakfast','2019-05-27T11:12:57',30),(238,402,NULL,237,100,25,0,0,'breakfast','2019-05-27T11:13:04',30),(239,402,NULL,237,100,25,0,0,'breakfast','2019-05-27T11:13:20',30),(240,543,60,NULL,470,3,8,48,'breakfast','2019-05-27T11:13:44',30),(241,188,150,NULL,205,0,40,5,'breakfast','2019-05-27T11:14:27',30),(242,102,240,NULL,300,69,6,0,'breakfast','2019-05-27T11:15:04',30),(243,262,35,NULL,122,0,8,10,'lunch','2019-05-27T11:16:13',30),(244,102,480,NULL,600,138,12,0,'lunch','2019-05-27T11:19:29',30),(245,102,80,NULL,100,23,2,0,'dinner','2019-05-27T11:20:10',30),(246,102,320,NULL,400,92,8,0,'breakfast','2019-05-23T11:51:03',30),(247,402,NULL,711,300,75,0,0,'breakfast','2019-05-23T11:51:12',30),(248,172,90,NULL,123,0,24,3,'breakfast','2019-05-23T11:51:28',30),(249,543,60,NULL,470,3,8,48,'breakfast','2019-05-23T11:51:37',30),(250,46,300,NULL,200,50,0,0,'breakfast','2019-05-23T11:51:59',30),(251,102,320,NULL,400,92,8,0,'dinner','2019-05-23T11:52:32',30),(253,211,70,NULL,82,0,16,2,'lunch','2019-05-23T11:53:00',30),(255,190,30,NULL,41,0,8,1,'dinner','2019-05-23T11:55:23',30),(256,190,30,NULL,41,0,8,1,'dinner','2019-05-23T11:55:26',30),(257,542,75,NULL,437,0,8,45,'breakfast','2019-05-27T12:18:45',32),(258,152,25,NULL,100,23,2,0,'breakfast','2019-05-27T12:20:01',32),(259,152,25,NULL,100,23,2,0,'lunch','2019-05-27T12:20:58',32),(260,522,70,NULL,144,0,8,12,'lunch','2019-05-27T12:22:22',32),(261,625,45,NULL,8,2,1,0,'lunch','2019-05-27T12:22:37',32),(262,655,40,NULL,16,3,1,0,'lunch','2019-05-27T12:22:59',32),(263,544,20,NULL,145,23,2,5,'dinner','2019-05-27T12:23:15',32),(264,102,80,NULL,100,23,2,0,'lunch','2019-05-27T13:01:40',28),(265,533,55,NULL,212,0,8,20,'lunch','2019-05-27T13:02:33',28),(266,522,70,NULL,144,0,8,12,'dinner','2019-05-27T13:03:42',28),(267,241,30,NULL,86,0,8,6,'dinner','2019-05-27T13:04:00',28),(268,102,80,NULL,100,23,2,0,'dinner','2019-05-27T13:04:10',28),(269,490,40,NULL,168,23,2,8,'dinner','2019-05-27T13:04:22',28),(272,246,60,NULL,86,0,8,6,'breakfast','2019-05-27T13:59:01',33),(274,366,NULL,237,0,0,0,0,'breakfast','2019-05-27T13:59:04',33),(275,249,35,NULL,86,0,8,6,'breakfast','2019-05-27T13:59:04',33),(276,274,30,NULL,135,0,0,15,'breakfast','2019-05-27T13:59:04',33),(278,522,70,NULL,144,0,8,12,'breakfast','2019-05-27T17:08:54',34),(279,102,160,NULL,200,46,4,0,'breakfast','2019-05-27T17:17:39',35),(280,135,40,NULL,100,23,2,0,'breakfast','2019-05-27T18:01:58',36),(281,246,60,NULL,86,0,8,6,'breakfast','2019-05-27T18:02:15',36),(282,278,5,NULL,45,0,0,5,'breakfast','2019-05-27T18:02:31',36),(283,26,80,NULL,80,20,0,0,'breakfast','2019-05-27T18:02:50',36),(284,295,10,NULL,45,0,0,5,'breakfast','2019-05-27T18:02:57',36),(285,541,90,NULL,347,0,8,35,'lunch','2019-05-27T19:42:48',42),(286,130,80,NULL,200,46,4,0,'breakfast','2019-05-27T20:45:14',43),(287,130,80,NULL,200,46,4,0,'breakfast','2019-05-27T20:45:25',43),(288,331,10,NULL,20,5,0,0,'breakfast','2019-05-27T20:45:49',43),(289,331,10,NULL,20,5,0,0,'breakfast','2019-05-27T20:46:00',43),(290,102,160,NULL,200,46,4,0,'breakfast','2019-05-27T23:18:18',7),(291,199,35,NULL,41,0,8,1,'breakfast','2019-05-27T23:19:28',7),(292,246,60,NULL,86,0,8,6,'breakfast','2019-05-28T00:46:10',47),(293,102,80,NULL,100,23,2,0,'breakfast','2019-05-28T00:46:40',47),(294,135,40,NULL,100,23,2,0,'breakfast','2019-05-28T06:55:33',48),(295,107,25,NULL,100,23,2,0,'breakfast','2019-05-29T01:05:55',50),(296,250,25,NULL,86,0,8,6,'breakfast','2019-05-29T01:06:26',50),(298,85,60,NULL,120,30,0,0,'lunch','2019-05-29T01:07:41',50),(299,131,80,NULL,200,46,4,0,'lunch','2019-05-29T01:08:19',50),(300,261,35,NULL,122,0,8,10,'lunch','2019-05-29T01:08:42',50),(301,107,25,NULL,100,23,2,0,'dinner','2019-05-29T01:09:14',50),(302,262,35,NULL,122,0,8,10,'dinner','2019-05-29T01:09:37',50),(312,511,55,NULL,106,5,8,6,'breakfast','2019-05-16T10:54:47',52),(313,102,80,NULL,100,23,2,0,'breakfast','2019-05-16T10:54:47',52),(314,102,320,NULL,400,92,8,0,'breakfast','2019-05-16T10:54:47',52),(315,402,NULL,237,100,25,0,0,'breakfast','2019-05-16T10:54:47',52),(316,236,60,NULL,123,0,24,3,'lunch','2019-05-16T10:54:54',52),(317,102,80,NULL,100,23,2,0,'lunch','2019-05-16T10:54:54',52),(318,303,320,NULL,158,0,0,18,'dinner','2019-05-16T10:54:59',52),(319,102,80,NULL,100,23,2,0,'dinner','2019-05-16T10:54:59',52),(320,276,20,NULL,45,0,0,5,'dinner','2019-05-16T10:54:59',52),(321,511,55,NULL,106,5,8,6,'breakfast','2019-05-17T10:55:28',52),(322,102,80,NULL,100,23,2,0,'breakfast','2019-05-17T10:55:28',52),(323,102,320,NULL,400,92,8,0,'breakfast','2019-05-17T10:55:28',52),(324,402,NULL,237,100,25,0,0,'breakfast','2019-05-17T10:55:28',52),(325,236,60,NULL,123,0,24,3,'lunch','2019-05-17T10:55:35',52),(326,102,80,NULL,100,23,2,0,'lunch','2019-05-17T10:55:35',52),(327,102,80,NULL,100,23,2,0,'dinner','2019-05-17T10:55:42',52),(328,276,20,NULL,45,0,0,5,'dinner','2019-05-17T10:55:42',52),(329,303,320,NULL,158,0,0,18,'dinner','2019-05-17T10:55:42',52),(330,511,55,NULL,106,5,8,6,'breakfast','2019-05-18T10:55:55',52),(331,102,80,NULL,100,23,2,0,'breakfast','2019-05-18T10:55:55',52),(332,102,320,NULL,400,92,8,0,'breakfast','2019-05-18T10:55:55',52),(333,402,NULL,237,100,25,0,0,'breakfast','2019-05-18T10:55:55',52),(334,236,60,NULL,123,0,24,3,'lunch','2019-05-18T10:56:00',52),(335,102,80,NULL,100,23,2,0,'lunch','2019-05-18T10:56:00',52),(336,102,80,NULL,100,23,2,0,'dinner','2019-05-18T10:56:06',52),(337,276,20,NULL,45,0,0,5,'dinner','2019-05-18T10:56:06',52),(338,303,320,NULL,158,0,0,18,'dinner','2019-05-18T10:56:06',52),(339,511,55,NULL,106,5,8,6,'breakfast','2019-05-19T10:56:58',52),(340,402,NULL,237,100,25,0,0,'lunch','2019-05-19T10:56:58',52),(341,102,320,NULL,400,92,8,0,'breakfast','2019-05-19T10:56:58',52),(342,102,80,NULL,100,23,2,0,'breakfast','2019-05-19T10:56:58',52),(343,511,55,NULL,106,5,8,6,'lunch','2019-05-20T10:57:23',52),(346,402,NULL,237,100,25,0,0,'lunch','2019-05-20T10:57:23',52),(347,511,55,NULL,106,5,8,6,'dinner','2019-05-20T10:57:34',52),(349,102,320,NULL,400,92,8,0,'dinner','2019-05-20T10:57:34',52),(351,236,60,NULL,123,0,24,3,'breakfast','2019-05-20T10:58:07',52),(352,102,80,NULL,100,23,2,0,'breakfast','2019-05-20T10:58:07',52),(355,102,320,NULL,400,92,8,0,'breakfast','2019-05-21T10:59:26',52),(356,402,NULL,237,100,25,0,0,'breakfast','2019-05-21T10:59:26',52),(357,236,60,NULL,123,0,24,3,'lunch','2019-05-21T10:59:35',52),(358,102,80,NULL,100,23,2,0,'lunch','2019-05-21T10:59:35',52),(359,102,80,NULL,100,23,2,0,'dinner','2019-05-21T10:59:41',52),(360,276,20,NULL,45,0,0,5,'dinner','2019-05-21T10:59:41',52),(361,303,320,NULL,158,0,0,18,'dinner','2019-05-21T10:59:41',52),(362,511,55,NULL,106,5,8,6,'breakfast','2019-05-22T11:00:10',52),(363,102,80,NULL,100,23,2,0,'breakfast','2019-05-22T11:00:10',52),(364,102,320,NULL,400,92,8,0,'breakfast','2019-05-22T11:00:10',52),(365,402,NULL,237,100,25,0,0,'breakfast','2019-05-22T11:00:10',52),(366,236,60,NULL,123,0,24,3,'lunch','2019-05-22T11:00:23',52),(367,102,80,NULL,100,23,2,0,'lunch','2019-05-22T11:00:23',52),(368,102,80,NULL,100,23,2,0,'dinner','2019-05-22T11:00:27',52),(369,276,20,NULL,45,0,0,5,'dinner','2019-05-22T11:00:27',52),(370,303,320,NULL,158,0,0,18,'dinner','2019-05-22T11:00:27',52),(371,511,55,NULL,106,5,8,6,'breakfast','2019-05-23T11:00:36',52),(372,102,80,NULL,100,23,2,0,'breakfast','2019-05-23T11:00:36',52),(373,102,320,NULL,400,92,8,0,'breakfast','2019-05-23T11:00:36',52),(374,402,NULL,237,100,25,0,0,'breakfast','2019-05-23T11:00:36',52),(375,236,60,NULL,123,0,24,3,'lunch','2019-05-23T11:00:40',52),(376,102,80,NULL,100,23,2,0,'lunch','2019-05-23T11:00:40',52),(377,102,80,NULL,100,23,2,0,'dinner','2019-05-23T11:00:45',52),(378,276,20,NULL,45,0,0,5,'dinner','2019-05-23T11:00:45',52),(379,303,320,NULL,158,0,0,18,'dinner','2019-05-23T11:00:45',52),(380,102,80,NULL,100,23,2,0,'breakfast','2019-05-24T11:00:53',52),(381,276,20,NULL,45,0,0,5,'breakfast','2019-05-24T11:00:53',52),(382,303,320,NULL,158,0,0,18,'breakfast','2019-05-24T11:00:53',52),(383,511,55,NULL,106,5,8,6,'lunch','2019-05-24T11:00:57',52),(384,102,320,NULL,400,92,8,0,'lunch','2019-05-24T11:00:57',52),(385,102,80,NULL,100,23,2,0,'lunch','2019-05-24T11:00:57',52),(386,402,NULL,237,100,25,0,0,'lunch','2019-05-24T11:00:57',52),(387,236,60,NULL,123,0,24,3,'dinner','2019-05-24T11:01:01',52),(388,102,80,NULL,100,23,2,0,'dinner','2019-05-24T11:01:01',52),(389,511,55,NULL,106,5,8,6,'breakfast','2019-05-24T11:01:15',52),(390,102,80,NULL,100,23,2,0,'breakfast','2019-05-24T11:01:15',52),(391,102,320,NULL,400,92,8,0,'breakfast','2019-05-24T11:01:15',52),(392,402,NULL,237,100,25,0,0,'breakfast','2019-05-24T11:01:15',52),(393,511,55,NULL,106,5,8,6,'breakfast','2019-05-25T11:01:32',52),(394,102,80,NULL,100,23,2,0,'breakfast','2019-05-25T11:01:32',52),(395,102,320,NULL,400,92,8,0,'breakfast','2019-05-25T11:01:32',52),(396,402,NULL,237,100,25,0,0,'breakfast','2019-05-25T11:01:32',52),(397,236,60,NULL,123,0,24,3,'lunch','2019-05-25T11:01:36',52),(398,102,80,NULL,100,23,2,0,'lunch','2019-05-25T11:01:36',52),(399,102,80,NULL,100,23,2,0,'dinner','2019-05-25T11:01:40',52),(400,276,20,NULL,45,0,0,5,'dinner','2019-05-25T11:01:40',52),(401,303,320,NULL,158,0,0,18,'dinner','2019-05-25T11:01:40',52),(402,511,55,NULL,106,5,8,6,'breakfast','2019-05-26T11:01:49',52),(403,102,80,NULL,100,23,2,0,'breakfast','2019-05-26T11:01:49',52),(404,102,320,NULL,400,92,8,0,'breakfast','2019-05-26T11:01:49',52),(405,402,NULL,237,100,25,0,0,'breakfast','2019-05-26T11:01:49',52),(406,236,60,NULL,123,0,24,3,'dinner','2019-05-26T11:01:54',52),(407,102,80,NULL,100,23,2,0,'dinner','2019-05-26T11:01:54',52),(408,102,80,NULL,100,23,2,0,'lunch','2019-05-26T11:02:00',52),(409,236,60,NULL,123,0,24,3,'lunch','2019-05-26T11:02:00',52),(410,511,55,NULL,106,5,8,6,'breakfast','2019-05-26T11:02:11',52),(411,102,80,NULL,100,23,2,0,'breakfast','2019-05-26T11:02:11',52),(412,102,320,NULL,400,92,8,0,'breakfast','2019-05-26T11:02:11',52),(413,402,NULL,237,100,25,0,0,'breakfast','2019-05-26T11:02:11',52),(414,511,55,NULL,106,5,8,6,'breakfast','2019-05-27T11:02:26',52),(415,102,80,NULL,100,23,2,0,'breakfast','2019-05-27T11:02:26',52),(416,102,320,NULL,400,92,8,0,'breakfast','2019-05-27T11:02:26',52),(417,402,NULL,237,100,25,0,0,'breakfast','2019-05-27T11:02:26',52),(418,236,60,NULL,123,0,24,3,'lunch','2019-05-27T11:02:35',52),(419,102,80,NULL,100,23,2,0,'lunch','2019-05-27T11:02:35',52),(420,102,80,NULL,100,23,2,0,'dinner','2019-05-27T11:02:40',52),(421,276,20,NULL,45,0,0,5,'dinner','2019-05-27T11:02:40',52),(422,303,320,NULL,158,0,0,18,'dinner','2019-05-27T11:02:40',52),(423,511,55,NULL,106,5,8,6,'breakfast','2019-05-28T11:08:14',52),(424,102,80,NULL,100,23,2,0,'breakfast','2019-05-28T11:08:14',52),(425,102,320,NULL,400,92,8,0,'breakfast','2019-05-28T11:08:14',52),(426,402,NULL,237,100,25,0,0,'breakfast','2019-05-28T11:08:14',52),(427,236,60,NULL,123,0,24,3,'breakfast','2019-05-28T11:08:15',52),(428,102,80,NULL,100,23,2,0,'breakfast','2019-05-28T11:08:15',52),(429,522,105,NULL,216,0,12,19,'breakfast','2019-05-29T12:14:33',52),(431,102,320,NULL,400,92,8,0,'lunch','2019-05-29T13:42:06',52),(432,522,105,NULL,216,0,12,19,'lunch','2019-05-29T13:42:06',52),(433,135,40,NULL,100,23,2,0,'breakfast','2019-05-29T21:39:00',55);
/*!40000 ALTER TABLE `consumed` ENABLE KEYS */;
UNLOCK TABLES;

--
-- Table structure for table `favorite`
--

DROP TABLE IF EXISTS `favorite`;
/*!40101 SET @saved_cs_client     = @@character_set_client */;
/*!40101 SET character_set_client = utf8 */;
CREATE TABLE `favorite` (
  `id` int(11) NOT NULL AUTO_INCREMENT,
  `foodId` int(11) DEFAULT NULL,
  `userId` int(11) DEFAULT NULL,
  PRIMARY KEY (`id`),
  UNIQUE KEY `IDX_0fd468933c5949d87b189bc519` (`foodId`,`userId`),
  KEY `FK_83b775fdebbe24c29b2b5831f2d` (`userId`),
  CONSTRAINT `FK_83b775fdebbe24c29b2b5831f2d` FOREIGN KEY (`userId`) REFERENCES `user` (`id`) ON DELETE CASCADE,
  CONSTRAINT `FK_c4659bdb5418fcae92c92e1929d` FOREIGN KEY (`foodId`) REFERENCES `food` (`id`) ON DELETE CASCADE
) ENGINE=InnoDB AUTO_INCREMENT=97 DEFAULT CHARSET=latin1;
/*!40101 SET character_set_client = @saved_cs_client */;

--
-- Dumping data for table `favorite`
--

LOCK TABLES `favorite` WRITE;
/*!40000 ALTER TABLE `favorite` DISABLE KEYS */;
INSERT INTO `favorite` VALUES (1,14,5),(2,15,5),(4,16,5),(6,16,6),(7,16,7),(18,17,8),(19,18,8),(20,19,8),(94,23,12),(74,37,8),(34,86,8),(80,166,11),(93,172,30),(10,200,5),(11,201,5),(12,202,5),(13,203,5),(15,204,5),(84,204,17),(38,271,8),(88,274,17),(79,303,7),(21,305,8),(23,306,8),(24,307,8),(25,308,8),(26,309,8),(27,310,8),(28,311,8),(29,312,8),(30,313,8),(87,327,17),(89,402,7),(78,402,8),(91,402,30),(86,420,17),(85,441,17),(32,507,8),(33,508,8),(83,606,17),(66,625,8),(77,631,8);
/*!40000 ALTER TABLE `favorite` ENABLE KEYS */;
UNLOCK TABLES;

--
-- Table structure for table `food`
--

DROP TABLE IF EXISTS `food`;
/*!40101 SET @saved_cs_client     = @@character_set_client */;
/*!40101 SET character_set_client = utf8 */;
CREATE TABLE `food` (
  `id` int(11) NOT NULL AUTO_INCREMENT,
  `filipinoName` varchar(255) DEFAULT NULL,
  `englishName` varchar(255) DEFAULT NULL,
  `primaryClassification` varchar(255) NOT NULL,
  `servingMeasurement` varchar(255) NOT NULL,
  `directKcalPerMeasure` int(11) DEFAULT NULL,
  `exchangePerMeasure` decimal(7,2) NOT NULL,
  `gramsEPPerExchange` decimal(7,2) DEFAULT NULL,
  `secondaryClassification` varchar(255) DEFAULT NULL,
  `choPerExchange` decimal(7,2) NOT NULL,
  `proPerExchange` decimal(7,2) NOT NULL,
  `fatPerExchange` decimal(7,2) NOT NULL,
  `mlEPPerExchange` decimal(7,2) DEFAULT NULL,
  `unitMeasurement` varchar(255) DEFAULT NULL,
  PRIMARY KEY (`id`)
) ENGINE=InnoDB AUTO_INCREMENT=677 DEFAULT CHARSET=latin1;
/*!40101 SET character_set_client = @saved_cs_client */;

--
-- Dumping data for table `food`
--

LOCK TABLES `food` WRITE;
/*!40000 ALTER TABLE `food` DISABLE KEYS */;
INSERT INTO `food` VALUES (14,'Asparagus (dulo)','Asparagus (tips)','vegetable','1 cup',16,1.00,90.00,NULL,3.00,1.00,0.00,NULL,'Grams'),(15,'Young corn','Young corn','vegetable','2pcs (8 x 5.5 cm)',16,1.00,15.00,NULL,3.00,1.00,0.00,NULL,'Grams'),(16,'Guisantes (nakalata)','Green peas (canned)','vegetable','1 tablespoon',16,1.00,15.00,NULL,3.00,1.00,0.00,NULL,'Grams'),(17,NULL,'Golden sweet corn (canned)','vegetable','2 tablespoon',16,1.00,20.00,NULL,3.00,1.00,0.00,NULL,'Grams'),(18,NULL,'Mushroom (canned)','vegetable','1/3 cup',16,1.00,110.00,NULL,3.00,1.00,0.00,NULL,'Grams'),(19,NULL,'Tomato juice (canned)','vegetable','1/2 cup (undiluted)',16,1.00,60.00,NULL,3.00,1.00,0.00,NULL,'Grams'),(20,'Apulid','Water chestnut (canned)','vegetable','3pcs (2 cm diameter)',16,1.00,25.00,NULL,3.00,1.00,0.00,NULL,'Grams'),(21,'Anonas','Sugar apple','fruit','1/2 (5 x 8 cm)',40,1.00,35.00,NULL,10.00,0.00,0.00,NULL,'Grams'),(22,'Mansanas','Apple','fruit','1/2 (8cm diameter) or 1 (6cm diameter)',40,1.00,65.00,NULL,10.00,0.00,0.00,NULL,'Grams'),(23,'Atis','Custard apple','fruit','1 (5cm diameter)',40,1.00,45.00,NULL,10.00,0.00,0.00,NULL,'Grams'),(24,'Balimbing','Star fruit','fruit','1.5 (9 x 5cm)',40,1.00,135.00,NULL,10.00,0.00,0.00,NULL,'Grams'),(25,'Saging (bungulan)','Banana (bungulan)','fruit','1/2 (15 x 4cm)',40,1.00,40.00,NULL,10.00,0.00,0.00,NULL,'Grams'),(26,'Saging (lakatan)','Banana (lakatan)','fruit','1 (9 x 3cm)',40,1.00,40.00,NULL,10.00,0.00,0.00,NULL,'Grams'),(27,'Saging (latundan)','Banana (latundan)','fruit','1 (9 x 3cm)',40,1.00,40.00,NULL,10.00,0.00,0.00,NULL,'Grams'),(28,'Kasoy','Cashew','fruit','1 (7 x 6.5 cm)',40,1.00,70.00,NULL,10.00,0.00,0.00,NULL,'Grams'),(29,'Chico','Sapodilla','fruit','1 (4cm diameter)',40,1.00,45.00,NULL,10.00,0.00,0.00,NULL,'Grams'),(30,'Dalanghita',NULL,'fruit','2 (6cm diameter)',40,1.00,135.00,NULL,10.00,0.00,0.00,NULL,'Grams'),(31,'Saging (saba)','Banana (saba)','fruit','1 (10 x 4 cm)',40,1.00,40.00,NULL,10.00,0.00,0.00,NULL,'Grams'),(32,'Datiles','Dates','fruit','1 cup',40,1.00,50.00,NULL,10.00,0.00,0.00,NULL,'Grams'),(33,'Duhat','Black plum','fruit','20 (2cm diameter)',40,1.00,60.00,NULL,10.00,0.00,0.00,NULL,'Grams'),(34,'Durian','Durian','fruit','1 segment (6.5 x 4.5 cm) or 1.5 tablespoon',40,1.00,30.00,NULL,10.00,0.00,0.00,NULL,'Grams'),(35,'Ubas','Grapes','fruit','10 (2cm diameter)',40,1.00,55.00,NULL,10.00,0.00,0.00,NULL,'Grams'),(36,'Bayabas','Guava','fruit','2 (4cm diameter)',40,1.00,80.00,NULL,10.00,0.00,0.00,NULL,'Grams'),(37,'Guyabano','Soursop','fruit','1 slice (8 x 6 x 2cm) or 1/2 cup',40,1.00,60.00,NULL,10.00,0.00,0.00,NULL,'Grams'),(38,'Langka (hinog)','Jackfruit (ripe)','fruit','3 segments (6cm diameter)',40,1.00,40.00,NULL,10.00,0.00,0.00,NULL,'Grams'),(39,'Kamatsile','Camachile','fruit','7 pods',40,1.00,55.00,NULL,10.00,0.00,0.00,NULL,'Grams'),(40,'Lansones','Lanzones','fruit','7 (4 x 2 cm)',40,1.00,70.00,NULL,10.00,0.00,0.00,NULL,'Grams'),(41,'Litsiyas','Lychee','fruit','5 (3cm diameter)',40,1.00,50.00,NULL,10.00,0.00,0.00,NULL,'Grams'),(42,'Mabolo','Velvet apple','fruit','2/3 (6cm diameter)',40,1.00,50.00,NULL,10.00,0.00,0.00,NULL,'Grams'),(43,'Makopa','Wax apple','fruit','3 (4cm diameter)',40,1.00,135.00,NULL,10.00,0.00,0.00,NULL,'Grams'),(44,'Mangga (hilaw)','Mango (green)','fruit','1 slice (11 x 6 cm)',40,1.00,65.00,NULL,10.00,0.00,0.00,NULL,'Grams'),(45,'Mangga (medyo hinog)','Mango (medium ripe)','fruit','1 slice (11 x 6 cm)',40,1.00,65.00,NULL,10.00,0.00,0.00,NULL,'Grams'),(46,'Mangga (hinog)','Mango (ripe)','fruit','1 slice (12 x 7 cm) or 1/2 cup cubed',40,1.00,60.00,NULL,10.00,0.00,0.00,NULL,'Grams'),(47,'Mangga (indian)','Mango (indian)','fruit','1 (6cm diameter)',40,1.00,80.00,NULL,10.00,0.00,0.00,NULL,'Grams'),(48,'Mangga (pajo)','Mango (pajo)','fruit','9 small',40,1.00,70.00,NULL,10.00,0.00,0.00,NULL,'Grams'),(49,'Manggustin','Mangosteen','fruit','3 (6cm diameter)',40,1.00,55.00,NULL,10.00,0.00,0.00,NULL,'Grams'),(50,'Marang',NULL,'fruit','1/2 (12 x 10 cm)',40,1.00,35.00,NULL,10.00,0.00,0.00,NULL,'Grams'),(51,'Melon kastila',NULL,'fruit','1 slice (12 x 10 x 3 cm) or 1-1/3 cup',40,1.00,200.00,NULL,10.00,0.00,0.00,NULL,'Grams'),(52,'Papaya (hinog)','Papaya (ripe)','fruit','1 slice (10 x 6 x 2 cm) or 3/4 cup',40,1.00,85.00,NULL,10.00,0.00,0.00,NULL,'Grams'),(53,'Peras','Pear','fruit','1 (6cm diameter)',40,1.00,85.00,NULL,10.00,0.00,0.00,NULL,'Grams'),(54,'Pinya','Pineapple','fruit','1 slice (10 x 7 x 2 cm) or 1/2 cup',40,1.00,75.00,NULL,10.00,0.00,0.00,NULL,'Grams'),(55,'Santol','Cotton fruit','fruit','1 (7cm diameter)',40,1.00,75.00,NULL,10.00,0.00,0.00,NULL,'Grams'),(56,'Singkamas (lamang ugat)','Turnip (tuber)','fruit','1/2 (9cm diameter) or 1 cup',40,1.00,110.00,NULL,10.00,0.00,0.00,NULL,'Grams'),(57,'Sinigwelas','Spanish plum','fruit','5 (3cm diameter)',40,1.00,50.00,NULL,10.00,0.00,0.00,NULL,'Grams'),(58,'Kaimito','Star apple','fruit','1/2 (6cm diameter)',40,1.00,65.00,NULL,10.00,0.00,0.00,NULL,'Grams'),(59,'Presa','Strawberry','fruit','1-1/4 cups',40,1.00,165.00,NULL,10.00,0.00,0.00,NULL,'Grams'),(60,'Suha','Pomelo','fruit','3 segments (8 x 4 x 3 cm)',40,1.00,90.00,NULL,10.00,0.00,0.00,NULL,'Grams'),(61,'Sampalok (hinog)','Tamarind (ripe)','fruit','2 (6 segments)',40,1.00,15.00,NULL,10.00,0.00,0.00,NULL,'Grams'),(62,'Tiesa','Canistel fruit','fruit','1/4 (10cm diameter)',40,1.00,30.00,NULL,10.00,0.00,0.00,NULL,'Grams'),(63,'Pakwan','Watermelon','fruit','1 slice (12 x 6 x 3 cm) or 1 cup',40,1.00,140.00,NULL,10.00,0.00,0.00,NULL,'Grams'),(64,'Mansanas (katas)','Apple (sauce)','fruit','3 tablespoons',40,1.00,45.00,NULL,10.00,0.00,0.00,NULL,'Grams'),(65,NULL,'Fruit cocktail','fruit','3 tablespoons',40,1.00,40.00,NULL,10.00,0.00,0.00,NULL,'Grams'),(66,'Melokoton','Peach (halves)','fruit','1-1/3 halves',40,1.00,65.00,NULL,10.00,0.00,0.00,NULL,'Grams'),(67,'Pinya (durog)','Pineapple (crushed)','fruit','3 tablespoons',40,1.00,60.00,NULL,10.00,0.00,0.00,NULL,'Grams'),(68,'Pinya (hiwa)','Pineapple (sliced)','fruit','1 slice (7cm diameter)',40,1.00,35.00,NULL,10.00,0.00,0.00,NULL,'Grams'),(69,'Champoy (tinuyo, salted)','Chinese bayberry (dried, salted)','fruit','4 (2cm diameter)',40,1.00,10.00,NULL,10.00,0.00,0.00,NULL,'Grams'),(70,'Datiles (tinuyo, pitted)','Dates (dried, pitted)','fruit','3 (3 x 2 cm)',40,1.00,15.00,NULL,10.00,0.00,0.00,NULL,'Grams'),(71,'Dikyam (tinuyo)','Preserved plums (dried)','fruit','2 ( 3 x 3 x 1 cm)',40,1.00,15.00,NULL,10.00,0.00,0.00,NULL,'Grams'),(72,'Mangga chips (tinuyo)','Mango chips (dried)','fruit','2 (2 x 8 cm)',40,1.00,10.00,NULL,10.00,0.00,0.00,NULL,'Grams'),(73,NULL,'Prunes (dried, seedless)','fruit','3 pieces',40,1.00,15.00,NULL,10.00,0.00,0.00,NULL,'Grams'),(74,'Pasas (tinuyo, seedless)','Raisins (dried, seedless)','fruit','2 tablespoons',40,1.00,15.00,NULL,10.00,0.00,0.00,NULL,'Grams'),(75,NULL,'Apple juice (canned, sweetened)','fruit','1/4 cup',40,1.00,60.00,NULL,10.00,0.00,0.00,NULL,'Grams'),(76,NULL,'Mango juice (canned, sweetened)','fruit','1/4 cup',40,1.00,60.00,NULL,10.00,0.00,0.00,NULL,'Grams'),(77,NULL,'Pineapple-grapefruit juice (canned, sweetened)','fruit','1/4 cup',40,1.00,60.00,NULL,10.00,0.00,0.00,NULL,'Grams'),(78,NULL,'Pineapple-orange juice (canned, sweetened)','fruit','1/4 cup',40,1.00,60.00,NULL,10.00,0.00,0.00,NULL,'Grams'),(79,NULL,'Prune juice (canned, unsweetened)','fruit','1/3 cup',40,1.00,80.00,NULL,10.00,0.00,0.00,NULL,'Grams'),(80,NULL,'Orange juice (canned, unsweetened)','fruit','1/3 cup',40,1.00,80.00,NULL,10.00,0.00,0.00,NULL,'Grams'),(81,NULL,'Pineapple juice (canned, unsweetened)','fruit','1/3 cup',40,1.00,80.00,NULL,10.00,0.00,0.00,NULL,'Grams'),(82,NULL,'Orange juice (bottled, sweetened)','fruit','1/3 cup',40,1.00,80.00,NULL,10.00,0.00,0.00,NULL,'Grams'),(83,NULL,'Guyabano juice (bottled, sweetened)','fruit','1/3 cup',40,1.00,80.00,NULL,10.00,0.00,0.00,NULL,'Grams'),(84,NULL,'Mango juice (bottled, sweetened)','fruit','1/3 cup',40,1.00,80.00,NULL,10.00,0.00,0.00,NULL,'Grams'),(85,'Banana cue','Banana cue','fruit','1/2 (9.5 x 4 cm)',40,1.00,20.00,NULL,10.00,0.00,0.00,NULL,'Grams'),(86,'Sabaw ng buko','Coconut water','fruit','1 cup',40,1.00,180.00,NULL,10.00,0.00,0.00,NULL,'Grams'),(87,'Maruya',NULL,'fruit','1/4 (10.5 x 9.5 x 1 cm)',40,1.00,20.00,NULL,10.00,0.00,0.00,NULL,'Grams'),(88,'Turon',NULL,'fruit','1/2 (9.5 x 3.5 x 1 cm)',40,1.00,20.00,NULL,10.00,0.00,0.00,NULL,'Grams'),(89,'Sherbet',NULL,'fruit','3 tablespoons',40,1.00,35.00,NULL,10.00,0.00,0.00,NULL,'Grams'),(90,'Gatas (whole, evaporated, undiluted)','Milk (whole, evaporated, undiluted)','milk-whole','1/2 cup',170,1.00,125.00,NULL,12.00,8.00,10.00,NULL,'Grams'),(91,'Gatas (whole, evaporated, filled, undiluted)','Milk (whole, evaporated, filled, undiluted)','milk-whole','1/2 cup',170,1.00,125.00,NULL,12.00,8.00,10.00,NULL,'Grams'),(92,'Gatas (whole, evaporated, recombined, undiluted)','Milk (whole, evaporated, recombined, undiluted)','milk-whole','1/2 cup',170,1.00,125.00,NULL,12.00,8.00,10.00,NULL,'Grams'),(93,'Gatas ng kalabaw (whole)','Fresh Carabao\'s Milk (whole)','milk-whole','1 cup',170,1.00,250.00,NULL,12.00,8.00,10.00,NULL,'Grams'),(94,'Gatas ng baka (whole)','Fresh Cow\'s Milk (whole)','milk-whole','1 cup',170,1.00,250.00,NULL,12.00,8.00,10.00,NULL,'Grams'),(95,NULL,'Powdered Milk (whole)','milk-whole','1/4 cup or 4 level tablespoons',170,1.00,30.00,NULL,12.00,8.00,10.00,NULL,'Grams'),(96,NULL,'Powdered Milk (low fat)','milk-low','1/4 cup or 4 level tablespoons',125,1.00,30.00,NULL,12.00,8.00,5.00,NULL,'Grams'),(97,NULL,'Lite Milk (low fat)','milk-low','1 tetra-brick',125,1.00,250.00,NULL,12.00,8.00,5.00,NULL,'Grams'),(98,NULL,'Liquid Buttermilk (non-fat)','milk-non','2/3 cup',80,1.00,185.00,NULL,12.00,8.00,0.00,NULL,'Grams'),(99,NULL,'Powdered Buttermilk (non-fat)','milk-non','1/4 cup or 4 level tablespoons',80,1.00,25.00,NULL,12.00,8.00,0.00,NULL,'Grams'),(100,NULL,'Long life skimmed milk (non-fat)','milk-non','1 cup',80,1.00,250.00,NULL,12.00,8.00,0.00,NULL,'Grams'),(101,NULL,'Yoghurt (non-fat)','milk-non','1/2 cup',80,1.00,125.00,NULL,12.00,8.00,0.00,NULL,'Grams'),(102,'Bigas (sinaing)','Rice (cooked)','rice','1/2 cup, packed',100,1.00,80.00,NULL,23.00,2.00,0.00,NULL,'Grams'),(103,'Lugaw (malabnaw)','Rice gruel (thin consistency)','rice','4-1/2 cups',100,1.00,705.00,NULL,23.00,2.00,0.00,NULL,'Grams'),(104,'Lugaw (katamtamang lapot)','Rice gruel (medium consistency)','rice','3 cups',100,1.00,435.00,NULL,23.00,2.00,0.00,NULL,'Grams'),(105,'Lugaw (malapot)','Rice gruel (thick consistency)','rice','1-1/2 cups',100,1.00,250.00,NULL,23.00,2.00,0.00,NULL,'Grams'),(106,'Ampaw (pinipig)',NULL,'rice','3 (9 x 3.5 x 2 cm)',100,1.00,25.00,NULL,23.00,2.00,0.00,NULL,'Grams'),(107,'Ampaw (bigas)','Ampaw (rice)','rice','1 (9 x 3.5 x 2 cm)',100,1.00,25.00,NULL,23.00,2.00,0.00,NULL,'Grams'),(108,'Bibingka (galapong)',NULL,'rice','1 slice (1/4 of 15cm diameter, 2cm thick)',100,1.00,45.00,NULL,23.00,2.00,0.00,NULL,'Grams'),(109,'Bibingka (malagkit)',NULL,'rice','1 slice (6 x 3 x 3 cm)',100,1.00,40.00,NULL,23.00,2.00,0.00,NULL,'Grams'),(110,'Biko',NULL,'rice','1 slice (10 x 5 x 1 cm)',100,1.00,40.00,NULL,23.00,2.00,0.00,NULL,'Grams'),(111,NULL,'Cassava cake','rice','1/2 (15 x 3 x 2 cm)',100,1.00,45.00,NULL,23.00,2.00,0.00,NULL,'Grams'),(112,'Espasol',NULL,'rice','2 ( 11 x 2.5 x 1.5 cm)',100,1.00,35.00,NULL,23.00,2.00,0.00,NULL,'Grams'),(113,'Kalamay (latik)',NULL,'rice','1 (4 x 6 x 2 cm)',100,1.00,50.00,NULL,23.00,2.00,0.00,NULL,'Grams'),(114,'Kalamay (ube)',NULL,'rice','1 slice (7 x 3 x 1.5 cm)',100,1.00,55.00,NULL,23.00,2.00,0.00,NULL,'Grams'),(115,'Kutsinta',NULL,'rice','1 (2.5cm x 6cm diameter)',100,1.00,60.00,NULL,23.00,2.00,0.00,NULL,'Grams'),(116,'Palitaw (walang niyog)',NULL,'rice','4 (7.5 x 4 x 0.3 cm)',100,1.00,55.00,NULL,23.00,2.00,0.00,NULL,'Grams'),(117,'Puto (bumbong)',NULL,'rice','2 (11 x 2 x 1 cm)',100,1.00,40.00,NULL,23.00,2.00,0.00,NULL,'Grams'),(118,'Puto (pula)',NULL,'rice','3 (4 x 3 cm)',100,1.00,45.00,NULL,23.00,2.00,0.00,NULL,'Grams'),(119,'Puto (puti)',NULL,'rice','1 slice (9.5 x 3 x 3.5 cm) or 1.5 round of 5cm',100,1.00,45.00,NULL,23.00,2.00,0.00,NULL,'Grams'),(120,'Puto (seko, bilog)',NULL,'rice','3 (1.5 cm thick x 3.5cm diameter)',100,1.00,25.00,NULL,23.00,2.00,0.00,NULL,'Grams'),(121,'Puto (seko, haba, may niyog)',NULL,'rice','5 (5cm long x 2cm diameter)',100,1.00,25.00,NULL,23.00,2.00,0.00,NULL,'Grams'),(122,'Sapin-sapin',NULL,'rice','1 slice (5 x 3 x 4 cm)',100,1.00,75.00,NULL,23.00,2.00,0.00,NULL,'Grams'),(123,'Suman (ibos)',NULL,'rice','1 (8 x 4 x 2 cm)',100,1.00,60.00,NULL,23.00,2.00,0.00,NULL,'Grams'),(124,'Suman (kamoteng kahoy)',NULL,'rice','1/2 (15 x 3 x 2 cm)',100,1.00,45.00,NULL,23.00,2.00,0.00,NULL,'Grams'),(125,'Suman (lihiya)',NULL,'rice','1 (8 x 4 x 2 cm)',100,1.00,55.00,NULL,23.00,2.00,0.00,NULL,'Grams'),(126,'Suman (marwekos)',NULL,'rice','2 (9 x 3 x 2 cm)',100,1.00,50.00,NULL,23.00,2.00,0.00,NULL,'Grams'),(127,'Tamales',NULL,'rice','2 (7 x 6 cm)',100,1.00,100.00,NULL,23.00,2.00,0.00,NULL,'Grams'),(128,'Tikoy',NULL,'rice','1 slice (10 x 3 x 1.5 cm)',100,1.00,40.00,NULL,23.00,2.00,0.00,NULL,'Grams'),(129,'Tupig',NULL,'rice','1/2 (14 x 3 x 1 cm)',100,1.00,35.00,NULL,23.00,2.00,0.00,NULL,'Grams'),(130,'Tinapay (pan amerikano)','Bread (pan amerikano)','rice','2 (9 x 8 x 1 cm)',100,1.00,40.00,NULL,23.00,2.00,0.00,NULL,'Grams'),(131,'Tinapay (pan de bonete)','Bread (pan de bonete)','rice','1 (7cm thick x 6cm diameter base)',100,1.00,40.00,NULL,23.00,2.00,0.00,NULL,'Grams'),(132,'Tinapay (pan de leche)','Bread (pan de leche)','rice','1 (3 x 8 x 8 cm)',100,1.00,40.00,NULL,23.00,2.00,0.00,NULL,'Grams'),(133,'Tinapay (pan de limon)','Bread (pan de limon)','rice','1 (6 x 5 x 4 cm)',100,1.00,40.00,NULL,23.00,2.00,0.00,NULL,'Grams'),(134,'Tinapay (pan de monay)','Bread (pan de monay)','rice','1 (10 x 9 x 4 cm)',100,1.00,40.00,NULL,23.00,2.00,0.00,NULL,'Grams'),(135,'Tinapay (pan de sal)','Bread (pan de sal)','rice','3 (5 x 5 cm)',100,1.00,40.00,NULL,23.00,2.00,0.00,NULL,'Grams'),(136,NULL,'Bread rolls (hotdog)','rice','1 (11 x 4 x 3 cm)',100,1.00,40.00,NULL,23.00,2.00,0.00,NULL,'Grams'),(137,NULL,'Bread rolls (hamburger)','rice','1 (11 x 4 x 3 cm)',100,1.00,40.00,NULL,23.00,2.00,0.00,NULL,'Grams'),(138,'Tinapay (whole wheat)','Bread (whole wheat)','rice','2 (11.5 x 8.5 x 1 cm)',100,1.00,45.00,NULL,23.00,2.00,0.00,NULL,'Grams'),(139,NULL,'Cake (jelly roll)','rice','1 slice (11 x 4 x 2 cm)',100,1.00,35.00,NULL,23.00,2.00,0.00,NULL,'Grams'),(140,NULL,'Cake (sponge cake)','rice','1 slice (5 x 5 x 5 cm)',100,1.00,40.00,NULL,23.00,2.00,0.00,NULL,'Grams'),(141,'Biskwet (galyetas de patatas)','Cookies (galyetas de patatas)','rice','10 (4 x 4 x 0.5 cm diameter)',100,1.00,30.00,NULL,23.00,2.00,0.00,NULL,'Grams'),(142,'Biskwet (pasensiya)','Cookies (Pacencia)','rice','22 (3cm diameter)',100,1.00,30.00,NULL,23.00,2.00,0.00,NULL,'Grams'),(143,'Biskwet (masapudrida)','Cookies (Masapudrida)','rice','1 (7 x 1 cm)',100,1.00,25.00,NULL,23.00,2.00,0.00,NULL,'Grams'),(144,'Biskwet (marie)','Cookies (Marie)','rice','22 (0.3cm thick x 4.5cm diameter)',100,1.00,30.00,NULL,23.00,2.00,0.00,NULL,'Grams'),(145,'Biskwet (lady fingers)','Cookies (Lady fingers)','rice','5 (9 x 4 cm)',100,1.00,30.00,NULL,23.00,2.00,0.00,NULL,'Grams'),(146,'Apas',NULL,'rice','6 (1.5 x 12 cm)',100,1.00,25.00,NULL,23.00,2.00,0.00,NULL,'Grams'),(147,'Mamon tostado',NULL,'rice','3 (8 x 3 x 3 cm)',100,1.00,30.00,NULL,23.00,2.00,0.00,NULL,'Grams'),(148,'Hopia hapon',NULL,'rice','1-1/2 (3 x 2.5 x 2.5 cm, diced) or 1/2 of 7cm diamter x 1-1/2 cm thick, round',100,1.00,35.00,NULL,23.00,2.00,0.00,NULL,'Grams'),(149,'Ensaymada',NULL,'rice','1 (2cm thick x 8.5cm diameter)',100,1.00,35.00,NULL,23.00,2.00,0.00,NULL,'Grams'),(150,'Binatog',NULL,'rice','1/2 cup',100,1.00,90.00,NULL,23.00,2.00,0.00,NULL,'Grams'),(151,NULL,'Corn curls','rice','1-1/4 cups',100,1.00,25.00,NULL,23.00,2.00,0.00,NULL,'Grams'),(152,NULL,'Rice curls','rice','1-1/4 cups',100,1.00,25.00,NULL,23.00,2.00,0.00,NULL,'Grams'),(153,'Mais (nilaga)','Corn (boiled)','rice','1 (12 x 4 cm)',100,1.00,65.00,NULL,23.00,2.00,0.00,NULL,'Grams'),(154,NULL,'Corn flakes','rice','1 cup',100,1.00,25.00,NULL,23.00,2.00,0.00,NULL,'Grams'),(155,NULL,'Corn pudding (maja)','rice','1 slice (5 x 4 x 2 cm)',100,1.00,85.00,NULL,23.00,2.00,0.00,NULL,'Grams'),(156,'Pancit bihon','Cooked noodles (bihon)','rice','1 cup',100,1.00,75.00,NULL,23.00,2.00,0.00,NULL,'Grams'),(157,'Pancit sotanghon','Cooked noodles (sotanghon)','rice','1 cup',100,1.00,75.00,NULL,23.00,2.00,0.00,NULL,'Grams'),(158,NULL,'Cooked noodles (spaghetti)','rice','1 cup',100,1.00,75.00,NULL,23.00,2.00,0.00,NULL,'Grams'),(159,NULL,'Cooked noodles (macaroni)','rice','1 cup',100,1.00,75.00,NULL,23.00,2.00,0.00,NULL,'Grams'),(160,'Kamote','Sweet potato','rice','1/2 (11cm long x 4.5cm diameter)',100,1.00,80.00,NULL,23.00,2.00,0.00,NULL,'Grams'),(161,'Kamoteng kahoy','Cassava','rice','1 (5cm long x 4.5cm diameter) or 1 cup',100,1.00,85.00,NULL,23.00,2.00,0.00,NULL,'Grams'),(162,'Gabi','Taro','rice','2 (6cm long x 4cm diameter) or 1 cup',100,1.00,100.00,NULL,23.00,2.00,0.00,NULL,'Grams'),(163,'Patatas','Potato','rice','2-1/2 (7cm long x 4cm diameter)',100,1.00,165.00,NULL,23.00,2.00,0.00,NULL,'Grams'),(164,'Ube','Water yam','rice','1 (8.5cm long x 4.5cm diameter) or 1-1/3 cups',100,1.00,130.00,NULL,23.00,2.00,0.00,NULL,'Grams'),(165,'Kastanyas (binusa)','Chestnut (roasted)','rice','11pcs large or 20pcs small',100,1.00,40.00,NULL,23.00,2.00,0.00,NULL,'Grams'),(166,NULL,'Breakfast cereals','rice','1/2 cup',100,1.00,25.00,NULL,23.00,2.00,0.00,NULL,'Grams'),(167,'Gawgaw','Cornstarch ','rice','5 teaspoons',100,1.00,25.00,NULL,23.00,2.00,0.00,NULL,'Grams'),(168,'Harina (all purpose)','Flour (all purpose)','rice','3 tablespoons',100,1.00,25.00,NULL,23.00,2.00,0.00,NULL,'Grams'),(169,'Sorbetes (regular)','Ice cream (regular)','rice','1/3 cup',100,1.00,90.00,NULL,23.00,2.00,0.00,NULL,'Grams'),(170,'Sago (luto)',NULL,'rice','1/2 cup',100,1.00,120.00,NULL,23.00,2.00,0.00,NULL,'Grams'),(171,'Baka (biyas)','Beef (shank)','meat-low','1 slice, matchbox size (5 x 3.5 x 1.5 cm)',41,1.00,30.00,NULL,0.00,8.00,1.00,NULL,'Grams'),(172,'Baka (laman)','Beef (lean meat)','meat-low','1 slice, matchbox size (5 x 3.5 x 1.5 cm)',41,1.00,30.00,NULL,0.00,8.00,1.00,NULL,'Grams'),(173,'Baka (pierna corta)','Beef (pierna corta)','meat-low','1 slice, matchbox size (5 x 3.5 x 1.5 cm)',41,1.00,30.00,NULL,0.00,8.00,1.00,NULL,'Grams'),(174,'Baka (pierna larga)','Beef (pierna larga)','meat-low','1 slice, matchbox size (5 x 3.5 x 1.5 cm)',41,1.00,30.00,NULL,0.00,8.00,1.00,NULL,'Grams'),(175,'Baka (solomilyo)','Beef (tenderloin)','meat-low','1 slice, matchbox size (5 x 3.5 x 1.5 cm)',41,1.00,30.00,NULL,0.00,8.00,1.00,NULL,'Grams'),(176,'Baka (tagiliran, gitna)','Beef (porterhouse steak)','meat-low','1 slice, matchbox size (5 x 3.5 x 1.5 cm)',41,1.00,30.00,NULL,0.00,8.00,1.00,NULL,'Grams'),(177,'Baka (tagiliran, hulihan)','Beef (sirloin steak)','meat-low','1 slice, matchbox size (5 x 3.5 x 1.5 cm)',41,1.00,30.00,NULL,0.00,8.00,1.00,NULL,'Grams'),(178,'Baka (tagiliran, unahan)','Beef (centerloin)','meat-low','1 slice, matchbox size (5 x 3.5 x 1.5 cm)',41,1.00,30.00,NULL,0.00,8.00,1.00,NULL,'Grams'),(179,'Kalabaw (biyas)','Carabeef (shank)','meat-low','1 slice, matchbox size (5 x 3.5 x 1.5 cm)',41,1.00,30.00,NULL,0.00,8.00,1.00,NULL,'Grams'),(180,'Kalabaw (hita)','Carabeef (round)','meat-low','1 slice, matchbox size (5 x 3.5 x 1.5 cm)',41,1.00,30.00,NULL,0.00,8.00,1.00,NULL,'Grams'),(181,'Kalabaw (laman, bahagya)','Carabeef (meat)','meat-low','1 slice, matchbox size (5 x 3.5 x 1.5 cm)',41,1.00,30.00,NULL,0.00,8.00,1.00,NULL,'Grams'),(182,'Kalabaw (laman, katamtaman)','Carabeef (meat)','meat-low','1 slice, matchbox size (5 x 3.5 x 1.5 cm)',41,1.00,30.00,NULL,0.00,8.00,1.00,NULL,'Grams'),(183,'Kalabaw (laman, walang taba)','Carabeef (meat)','meat-low','1 slice, matchbox size (5 x 3.5 x 1.5 cm)',41,1.00,30.00,NULL,0.00,8.00,1.00,NULL,'Grams'),(184,'Kalabaw (paypay)','Carabeef (shoulder)','meat-low','1 slice, matchbox size (5 x 3.5 x 1.5 cm)',41,1.00,30.00,NULL,0.00,8.00,1.00,NULL,'Grams'),(185,'Kalabaw (pierna corta)','Carabeef (round, pierna corta)','meat-low','1 slice, matchbox size (5 x 3.5 x 1.5 cm)',41,1.00,30.00,NULL,0.00,8.00,1.00,NULL,'Grams'),(186,'Kalabaw (pierna larga)','Carabeef (round, pierna larga)','meat-low','1 slice, matchbox size (5 x 3.5 x 1.5 cm)',41,1.00,30.00,NULL,0.00,8.00,1.00,NULL,'Grams'),(187,'Kalabaw (tapadera)','Carabeef (rump)','meat-low','1 slice, matchbox size (5 x 3.5 x 1.5 cm)',41,1.00,30.00,NULL,0.00,8.00,1.00,NULL,'Grams'),(188,'Baboy (lomo)','Pork (tenderloin, well trimmed)','meat-low','1 slice, matchbox size (6.5 x 3 x 1.5 cm)',41,1.00,30.00,NULL,0.00,8.00,1.00,NULL,'Grams'),(189,'Manok (hita)','Chicken (leg)','meat-low','1 small leg (13.5cm long x 3cm diameter)',41,1.00,30.00,NULL,0.00,8.00,1.00,NULL,'Grams'),(190,'Manok (laman)','Chicken (meat)','meat-low','1 slice, matchbox size (5 x 3.5 x 1.5 cm)',41,1.00,30.00,NULL,0.00,8.00,1.00,NULL,'Grams'),(191,'Manok (pecho)','Chicken (breast meat)','meat-low','1/4 breast (6cm long)',41,1.00,30.00,NULL,0.00,8.00,1.00,NULL,'Grams'),(192,'Baboy (dugo)','Pork (blood)','meat-low','3/4 cup',41,1.00,35.00,NULL,0.00,8.00,1.00,NULL,'Grams'),(193,'Baka (dugo)','Beef (blood)','meat-low','3/4 cup',41,1.00,35.00,NULL,0.00,8.00,1.00,NULL,'Grams'),(194,'Manok (dugo)','Chicken (blood)','meat-low','3/4 cup',41,1.00,35.00,NULL,0.00,8.00,1.00,NULL,'Grams'),(195,'Manok (balun-balunan)','Chicken (gizzard)','meat-low','3/4 cup',41,1.00,35.00,NULL,0.00,8.00,1.00,NULL,'Grams'),(196,'Baboy (puso)','Pork (heart)','meat-low','3/4 cup',41,1.00,35.00,NULL,0.00,8.00,1.00,NULL,'Grams'),(197,'Baka (puso)','Beef (heart)','meat-low','3/4 cup',41,1.00,35.00,NULL,0.00,8.00,1.00,NULL,'Grams'),(198,'Kalabaw (puso)','Carabeef (heart)','meat-low','3/4 cup',41,1.00,35.00,NULL,0.00,8.00,1.00,NULL,'Grams'),(199,'Baboy (atay)','Pork (liver)','meat-low','3/4 cup',41,1.00,35.00,NULL,0.00,8.00,1.00,NULL,'Grams'),(200,'Baka (atay)','Beef (liver)','meat-low','3/4 cup',41,1.00,35.00,NULL,0.00,8.00,1.00,NULL,'Grams'),(201,'Kalabaw (atay)','Carabeef (liver)','meat-low','3/4 cup',41,1.00,35.00,NULL,0.00,8.00,1.00,NULL,'Grams'),(202,'Manok (atay)','Chicken (liver)','meat-low','3/4 cup',41,1.00,35.00,NULL,0.00,8.00,1.00,NULL,'Grams'),(203,'Baboy (baga)','Pork (lungs)','meat-low','3/4 cup',41,1.00,35.00,NULL,0.00,8.00,1.00,NULL,'Grams'),(204,'Baka (baga)','Beef (lungs)','meat-low','3/4 cup',41,1.00,35.00,NULL,0.00,8.00,1.00,NULL,'Grams'),(205,'Kalabaw (baga)','Carabeef (lungs)','meat-low','3/4 cup',41,1.00,35.00,NULL,0.00,8.00,1.00,NULL,'Grams'),(206,'Baka (librilyo)','Beef (omassum)','meat-low','3/4 cup',41,1.00,35.00,NULL,0.00,8.00,1.00,NULL,'Grams'),(207,'Kalabaw (librilyo)','Carabeef (omassum)','meat-low','3/4 cup',41,1.00,35.00,NULL,0.00,8.00,1.00,NULL,'Grams'),(208,'Baboy (Bitukang maliit)','Pork (small intestine)','meat-low','3/4 cup',41,1.00,35.00,NULL,0.00,8.00,1.00,NULL,'Grams'),(209,'Baka (Bitukang maliit)','Beef (small intestine)','meat-low','3/4 cup',41,1.00,35.00,NULL,0.00,8.00,1.00,NULL,'Grams'),(210,'Kalabaw (Bitukang maliit)','Carabeef (small intestine)','meat-low','3/4 cup',41,1.00,35.00,NULL,0.00,8.00,1.00,NULL,'Grams'),(211,'Baboy (lapay)','Pork (spleen)','meat-low','3/4 cup',41,1.00,35.00,NULL,0.00,8.00,1.00,NULL,'Grams'),(212,'Kalabaw (lapay)','Beef (spleen)','meat-low','3/4 cup',41,1.00,35.00,NULL,0.00,8.00,1.00,NULL,'Grams'),(213,'Kalabaw (lapay)','Carabeef (spleen)','meat-low','3/4 cup',41,1.00,35.00,NULL,0.00,8.00,1.00,NULL,'Grams'),(214,'Baka (goto)','Beef (tripe)','meat-low','3/4 cup',41,1.00,35.00,NULL,0.00,8.00,1.00,NULL,'Grams'),(215,'Baboy (bahay guya)','Pork (uterus)','meat-low','3/4 cup',41,1.00,35.00,NULL,0.00,8.00,1.00,NULL,'Grams'),(216,'Beef (bahay guya)','Beef (uterus)','meat-low','3/4 cup',41,1.00,35.00,NULL,0.00,8.00,1.00,NULL,'Grams'),(217,'Isda (malaking uri)','Fish (large variety)','meat-low','1 slice (7 x 3 x 2 cm)',41,1.00,35.00,NULL,0.00,8.00,1.00,NULL,'Grams'),(218,'Isda (bakoko)','Fish (bream)','meat-low','1 slice (7 x 3 x 2 cm)',41,1.00,35.00,NULL,0.00,8.00,1.00,NULL,'Grams'),(219,'Isda (bangus)','Fish (bangus)','meat-low','1 slice (7 x 3 x 2 cm)',41,1.00,35.00,NULL,0.00,8.00,1.00,NULL,'Grams'),(220,'Isda (dalag)','Fish (murrel)','meat-low','1 slice (7 x 3 x 2 cm)',41,1.00,35.00,NULL,0.00,8.00,1.00,NULL,'Grams'),(221,'Isda (labahita)','Fish (surgeonfish)','meat-low','1 slice (7 x 3 x 2 cm)',41,1.00,35.00,NULL,0.00,8.00,1.00,NULL,'Grams'),(222,'Isda (grouper)','Fish (grouper fish)','meat-low','1 slice (7 x 3 x 2 cm)',41,1.00,35.00,NULL,0.00,8.00,1.00,NULL,'Grams'),(223,'Isda (hasa-hasa)','Fish (short-bodied mackerel)','meat-low','1 (18 x 4.5 cm)',41,1.00,35.00,NULL,0.00,8.00,1.00,NULL,'Grams'),(224,'Isda (dalagang bukid)','Fish (Yellow tail fusilier)','meat-low','1 (18 x 4.5 cm)',41,1.00,35.00,NULL,0.00,8.00,1.00,NULL,'Grams'),(225,'Isda (galunggong)','Fish (hard-tail mackerel)','meat-low','1 (14 x 3.5 cm)',41,1.00,35.00,NULL,0.00,8.00,1.00,NULL,'Grams'),(226,'Isda (hito)','Fish (catfish)','meat-low','1/2 (22 x 5 cm)',41,1.00,35.00,NULL,0.00,8.00,1.00,NULL,'Grams'),(227,'Isda (sapsap)','Fish (ponyfish)','meat-low','2 (10 x 5 cm)',41,1.00,35.00,NULL,0.00,8.00,1.00,NULL,'Grams'),(228,'Isda (tilapya)','Fish (tilapia)','meat-low','2 (10 x 5 cm)',41,1.00,35.00,NULL,0.00,8.00,1.00,NULL,'Grams'),(229,'Isda (tamban)','Fish (sardinella)','meat-low','2 (12.5 x 3 cm)',41,1.00,35.00,NULL,0.00,8.00,1.00,NULL,'Grams'),(230,'Isda (dilis)','Fish (anchovy)','meat-low','1/4 cup',41,1.00,35.00,NULL,0.00,8.00,1.00,NULL,'Grams'),(231,'Alamang','Small shrimp','meat-low','1-1/4 tablespoons',41,1.00,30.00,NULL,0.00,8.00,1.00,NULL,'Grams'),(232,'Tagunton','small shrimp','meat-low','1-1/4 tablespoons',41,1.00,30.00,NULL,0.00,8.00,1.00,NULL,'Grams'),(233,'Alimango (aligue)','Mud Crab (roe)','meat-low','1 tablespoon',41,1.00,15.00,NULL,0.00,8.00,1.00,NULL,'Grams'),(234,'Alimasag (aligue)','Flower Crab (roe)','meat-low','3 tablespoons',41,1.00,50.00,NULL,0.00,8.00,1.00,NULL,'Grams'),(235,'Alimango (laman)','Mud Crab (meat)','meat-low','1/4 cup or 1/2pc medium',41,1.00,20.00,NULL,0.00,8.00,1.00,NULL,'Grams'),(236,'Alimasag (laman)','Flower Crab (meat)','meat-low','1/4 cup or 1/2pc medium',41,1.00,20.00,NULL,0.00,8.00,1.00,NULL,'Grams'),(237,'Baka (kabilugan)','Beef (flank)','meat-medium','1 slice, matchbox size (5 x 3.5 x 1.5 cm)',86,1.00,30.00,NULL,0.00,8.00,6.00,NULL,'Grams'),(238,'Baka (punta y pecho)','Beef (brisket)','meat-medium','1 slice, matchbox size (5 x 3.5 x 1.5 cm)',86,1.00,30.00,NULL,0.00,8.00,6.00,NULL,'Grams'),(239,'Baka (tadyang)','Beef (plate)','meat-medium','1 slice, matchbox size (5 x 3.5 x 1.5 cm)',86,1.00,30.00,NULL,0.00,8.00,6.00,NULL,'Grams'),(240,'Baka (paypay)','Beef (chuck)','meat-medium','1 slice, matchbox size (5 x 3.5 x 1.5 cm)',86,1.00,30.00,NULL,0.00,8.00,6.00,NULL,'Grams'),(241,'Baboy (pata)','Pork (leg)','meat-medium','1 slice (2cm thick x 4cm diameter)',86,1.00,30.00,NULL,0.00,8.00,6.00,NULL,'Grams'),(242,'Baka (utak)','Pork (brain)','meat-medium','3/4 cup',86,1.00,35.00,NULL,0.00,8.00,6.00,NULL,'Grams'),(243,'Baka (utak)','Beef (brain)','meat-medium','3/4 cup',86,1.00,35.00,NULL,0.00,8.00,6.00,NULL,'Grams'),(244,'Kalabaw (utak)','Carabeef (brain)','meat-medium','3/4 cup',86,1.00,35.00,NULL,0.00,8.00,6.00,NULL,'Grams'),(245,'Isda (karpa)','Fish (carp)','meat-medium','1 slice (15 x 7 x 2 cm)',86,1.00,35.00,NULL,0.00,8.00,6.00,NULL,'Grams'),(246,'Itlog (manok)','Egg (chicken)','meat-medium','1pc',86,1.00,60.00,NULL,0.00,8.00,6.00,NULL,'Grams'),(247,'Itlog (pugo)','Egg (quail)','meat-medium','9pcs',86,1.00,70.00,NULL,0.00,8.00,6.00,NULL,'Grams'),(248,'Itlog na maalat (itik)','Salted egg (duck)','meat-medium','1pc',86,1.00,60.00,NULL,0.00,8.00,6.00,NULL,'Grams'),(249,'Keso (cheddar)','Cheese (cheddar)','meat-medium','1 slice (6 x 3 x 2 cm)',86,1.00,35.00,NULL,0.00,8.00,6.00,NULL,'Grams'),(250,'Manok (pakpak)','Chicken (wings)','meat-medium','1 medium or 2 small',86,1.00,25.00,NULL,0.00,8.00,6.00,NULL,'Grams'),(251,'Manok (ulo)','Chicken (head)','meat-medium','2 heads',86,1.00,35.00,NULL,0.00,8.00,6.00,NULL,'Grams'),(252,'Utaw','Soybean','meat-medium','1/2 cup',86,1.00,40.00,NULL,0.00,8.00,6.00,NULL,'Grams'),(253,'Sardinas (canned in oil)','Sardines (canned in oil)','meat-medium','1 (10 x 4.5 cm)',86,1.00,45.00,NULL,0.00,8.00,6.00,NULL,'Grams'),(254,'Sardinas (canned in tomato sauce)','Sardines (canned in tomato sauce)','meat-medium','1 (10 x 4.5 cm)',86,1.00,45.00,NULL,0.00,8.00,6.00,NULL,'Grams'),(255,'Sardinas (tuna)','Sardines (tuna)','meat-medium','1-1/2 (6 x 4 x 3 cm)',86,1.00,50.00,NULL,0.00,8.00,6.00,NULL,'Grams'),(256,'Palaman (nakalata, tuna)','Spread (canned, tuna)','meat-medium','2 tablespoons',86,1.00,30.00,NULL,0.00,8.00,6.00,NULL,'Grams'),(257,NULL,'Corned beef','meat-medium','3 tablespoons',86,1.00,40.00,NULL,0.00,8.00,6.00,NULL,'Grams'),(258,NULL,'Ham sausage','meat-medium','3 (0.3cm thick x 9cm diameter)',86,1.00,55.00,NULL,0.00,8.00,6.00,NULL,'Grams'),(259,'Tofu','Soybean cheese (soft)','meat-medium','1/2 cup',86,1.00,100.00,NULL,0.00,8.00,6.00,NULL,'Grams'),(260,'Tokwa','Soybean cheese (soft)','meat-medium','1 (6 x 6 x 2 cm)',86,1.00,60.00,NULL,0.00,8.00,6.00,NULL,'Grams'),(261,'Baboy (pigue)','Pork (ham)','meat-high','1 slice (3cm cube)',122,1.00,35.00,NULL,0.00,8.00,10.00,NULL,'Grams'),(262,'Baboy (dila)','Pork (tongue)','meat-high','3/4 cup',122,1.00,35.00,NULL,0.00,8.00,10.00,NULL,'Grams'),(263,'Baka (dila)','Beef (tongue)','meat-high','3/4 cup',122,1.00,35.00,NULL,0.00,8.00,10.00,NULL,'Grams'),(264,'Itlog (itik)','Egg (duck)','meat-high','1pc',122,1.00,70.00,NULL,0.00,8.00,10.00,NULL,'Grams'),(265,'Balut',NULL,'meat-high','1pc',122,1.00,65.00,NULL,0.00,8.00,10.00,NULL,'Grams'),(266,'Penoy',NULL,'meat-high','1pc',122,1.00,60.00,NULL,0.00,8.00,10.00,NULL,'Grams'),(267,'Mani (roasted)','Peanuts (roasted)','meat-high','1/3 cup',122,1.00,25.00,NULL,0.00,8.00,10.00,NULL,'Grams'),(268,'Keso (filled)','Cheese (filled)','meat-high','1 slice (6 x 3 x 2.5 cm)',122,1.00,50.00,NULL,0.00,8.00,10.00,NULL,'Grams'),(269,'Keso (pimiento flavored)','Cheese (pimiento flavored)','meat-high','1 slice (6 x 3 x 2 cm)',122,1.00,40.00,NULL,0.00,8.00,10.00,NULL,'Grams'),(270,'Longanisa (chorizo)',NULL,'meat-high','1 (12 x 2 cm)',122,1.00,25.00,NULL,0.00,8.00,10.00,NULL,'Grams'),(271,NULL,'Frankfurters','meat-high','1-1/2 (12 x 1-1/3 cm)',122,1.00,60.00,NULL,0.00,8.00,10.00,NULL,'Grams'),(272,NULL,'Salami','meat-high','3 slices (8 x 8 x 1 cm)',122,1.00,50.00,NULL,0.00,8.00,10.00,NULL,'Grams'),(273,NULL,'Vienna sausage','meat-high','4 (5 x 2 x 2 cm)',122,1.00,70.00,NULL,0.00,8.00,10.00,NULL,'Grams'),(274,NULL,'Bacon','fat','1 strip (10 x 3 cm)',45,1.00,10.00,NULL,0.00,0.00,5.00,NULL,'Grams'),(275,NULL,'Butter','fat','1 teaspoon',45,1.00,5.00,NULL,0.00,0.00,5.00,NULL,'Grams'),(276,'Niyog','Coconut (grated)','fat','2 tablespoons',45,1.00,20.00,NULL,0.00,0.00,5.00,NULL,'Grams'),(277,'Gata','Coconut cream','fat','1 tablespoon',45,1.00,15.00,NULL,0.00,0.00,5.00,NULL,'Grams'),(278,NULL,'Coconut oil','fat','1 teaspoon',45,1.00,5.00,NULL,0.00,0.00,5.00,NULL,'Grams'),(279,NULL,'Cream cheese','fat','1 tablespoon',45,1.00,15.00,NULL,0.00,0.00,5.00,NULL,'Grams'),(280,'Latik',NULL,'fat','2 teaspoons',45,1.00,10.00,NULL,0.00,0.00,5.00,NULL,'Grams'),(281,NULL,'Margarine','fat','1 teaspoon',45,1.00,5.00,NULL,0.00,0.00,5.00,NULL,'Grams'),(282,NULL,'Sandwich spread','fat','1 tablespoon',45,1.00,15.00,NULL,0.00,0.00,5.00,NULL,'Grams'),(283,'Sitsaron','Chicharon','fat','2 (5 x 3 cm)',45,1.00,10.00,NULL,0.00,0.00,5.00,NULL,'Grams'),(284,NULL,'Whip cream (heavy)','fat','1 tablespoon',45,1.00,15.00,NULL,0.00,0.00,5.00,NULL,'Grams'),(285,NULL,'Whip cream (light)','fat','1 tablespoon',45,1.00,15.00,NULL,0.00,0.00,5.00,NULL,'Grams'),(286,NULL,'Corn oil','fat','1 teaspoon',45,1.00,5.00,NULL,0.00,0.00,5.00,NULL,'Grams'),(287,NULL,'Marine oil','fat','1 teaspoon',45,1.00,5.00,NULL,0.00,0.00,5.00,NULL,'Grams'),(288,NULL,'Soybean oil','fat','1 teaspoon',45,1.00,5.00,NULL,0.00,0.00,5.00,NULL,'Grams'),(289,NULL,'Rapeseed-canola oil','fat','1 teaspoon',45,1.00,5.00,NULL,0.00,0.00,5.00,NULL,'Grams'),(290,NULL,'Rice oil','fat','1 teaspoon',45,1.00,5.00,NULL,0.00,0.00,5.00,NULL,'Grams'),(291,NULL,'Sunflower oil','fat','1 teaspoon',45,1.00,5.00,NULL,0.00,0.00,5.00,NULL,'Grams'),(292,NULL,'Safflower oil','fat','1 teaspoon',45,1.00,5.00,NULL,0.00,0.00,5.00,NULL,'Grams'),(293,NULL,'Sesame oil','fat','1 teaspoon',45,1.00,5.00,NULL,0.00,0.00,5.00,NULL,'Grams'),(294,NULL,'Avocado','fat','1/2 (12 x 7 cm)',45,1.00,65.00,NULL,0.00,0.00,5.00,NULL,'Grams'),(295,NULL,'Peanut butter','fat','2 teaspoons',45,1.00,10.00,NULL,0.00,0.00,5.00,NULL,'Grams'),(296,'Pili','Pili nut','fat','5 pieces',45,1.00,5.00,NULL,0.00,0.00,5.00,NULL,'Grams'),(297,NULL,'Peanut oil','fat','1 teaspoon',45,1.00,5.00,NULL,0.00,0.00,5.00,NULL,'Grams'),(298,NULL,'Olive oil','fat','1 teaspoon',45,1.00,5.00,NULL,0.00,0.00,5.00,NULL,'Grams'),(299,NULL,'Shortening','fat','1 teaspoon',45,1.00,5.00,NULL,0.00,0.00,5.00,NULL,'Grams'),(300,'Rambutan',NULL,'fruit','8 (3cm diameter)',40,1.00,50.00,NULL,10.00,0.00,0.00,NULL,'Grams'),(301,NULL,'Mayonnaise','fat','1 teaspoon',45,1.00,5.00,NULL,0.00,0.00,5.00,NULL,'Grams'),(302,'Basi','Sugarcane wine','fat','1 glass (6 oz)',45,4.00,42.50,'beverage',0.00,0.00,5.00,NULL,'Grams'),(303,'Serbesa (cerveza)','Beer','fat','1 bottle (11oz)',45,3.50,91.43,'beverage',0.00,0.00,5.00,NULL,'Grams'),(304,NULL,'Brandy (Cognac)','fat','1 brandy glass (1oz)',45,1.50,20.00,'beverage',0.00,0.00,5.00,NULL,'Grams'),(305,NULL,'Daiquiri','fat','1 cocktail glass (2oz)',45,3.00,18.67,'beverage',0.00,0.00,5.00,NULL,'Grams'),(306,NULL,'Gin (dry)','fat','1 jigger (1.5oz)',45,2.50,17.20,'beverage',0.00,0.00,5.00,NULL,'Grams'),(307,NULL,'Gin (ginebra)','fat','1 bottle (12oz)',45,18.50,19.46,'beverage',0.00,0.00,5.00,NULL,'Grams'),(308,NULL,'High ball','fat','1 glass (8oz)',45,4.00,60.00,'beverage',0.00,0.00,5.00,NULL,'Grams'),(309,NULL,'Manhattan','fat','1 cocktail glass (2oz)',45,4.00,14.00,'beverage',0.00,0.00,5.00,NULL,'Grams'),(310,NULL,'Martini','fat','1 cocktail glass (2oz)',45,3.00,18.67,'beverage',0.00,0.00,5.00,NULL,'Grams'),(311,NULL,'Mint Julep','fat','1 glass (8oz)',45,5.00,48.00,'beverage',0.00,0.00,5.00,NULL,'Grams'),(312,NULL,'Old Fashioned','fat','1 glass (8oz)',45,4.00,60.00,'beverage',0.00,0.00,5.00,NULL,'Grams'),(313,NULL,'Rum','fat','1 jigger (1.5oz)',45,2.50,17.20,'beverage',0.00,0.00,5.00,NULL,'Grams'),(314,NULL,'Tom Collins','fat','1 tall glass (10oz)',45,4.00,75.00,'beverage',0.00,0.00,5.00,NULL,'Grams'),(315,'Tuba','Coconut wine','fat','1 glass (8oz)',45,2.00,120.00,'beverage',0.00,0.00,5.00,NULL,'Grams'),(316,NULL,'Whisky (scotch)','fat','1 jigger (1.5oz)',45,2.50,17.20,'beverage',0.00,0.00,5.00,NULL,'Grams'),(317,NULL,'Wine (red)','fat','1 wine glass (3.5oz)',45,1.50,66.67,'beverage',0.00,0.00,5.00,NULL,'Grams'),(318,NULL,'Wine (white)','fat','1 wine glass (3.5oz)',45,2.00,50.00,'beverage',0.00,0.00,5.00,NULL,'Grams'),(319,NULL,'Wine (champagne, sweet)','fat','1 wine glass (3.5oz)',45,2.00,50.00,'beverage',0.00,0.00,5.00,NULL,'Grams'),(320,NULL,'Wine (champagne, dry)','fat','1 wine glass (3.5oz)',45,2.00,50.00,'beverage',0.00,0.00,5.00,NULL,'Grams'),(321,NULL,'Wine (port)','fat','1 wine glass (3.5oz)',45,3.50,28.57,'beverage',0.00,0.00,5.00,NULL,'Grams'),(322,NULL,'Wine (rose)','fat','1 wine glass (3.5oz)',45,2.00,50.00,'beverage',0.00,0.00,5.00,NULL,'Grams'),(323,NULL,'Wine (vermouth, French)','fat','1 wine glass (3.5oz)',45,2.50,40.00,'beverage',0.00,0.00,5.00,NULL,'Grams'),(324,NULL,'Wine (vermouth)','fat','1 wine glass (3.5oz)',45,4.00,25.00,'beverage',0.00,0.00,5.00,NULL,'Grams'),(325,NULL,'Banana chip','sugar','1 (6 x 3.5 cm)',20,1.00,5.00,'fruit',5.00,0.00,0.00,NULL,'Grams'),(326,'Bukayo',NULL,'sugar','1 (3.5 x 1 cm)',20,1.00,5.00,'fruit',5.00,0.00,0.00,NULL,'Grams'),(327,'Karamel','Caramel','sugar','1 (2 x 2 cm)',20,1.00,5.00,NULL,5.00,0.00,0.00,NULL,'Grams'),(328,'Champoy',NULL,'sugar','1 (2cm diameter)',20,1.00,5.00,'fruit',5.00,0.00,0.00,NULL,'Grams'),(329,NULL,'Chewing gum','sugar','1pc',20,1.00,5.00,NULL,5.00,0.00,0.00,NULL,'Grams'),(330,NULL,'Bubble gum','sugar','1pc',20,1.00,5.00,NULL,5.00,0.00,0.00,NULL,'Grams'),(331,NULL,'Condensed milk','sugar','2 teaspoons',20,1.00,10.00,'milk',5.00,0.00,0.00,NULL,'Grams'),(332,NULL,'Hard candy','sugar','1 (3 x 2 x 0.5 cm)',20,1.00,5.00,NULL,5.00,0.00,0.00,NULL,'Grams'),(333,'Pulot','Honey','sugar','1 teaspoon',20,1.00,5.00,NULL,5.00,0.00,0.00,NULL,'Grams'),(334,NULL,'Jams','sugar','2 teaspoons',20,1.00,10.00,NULL,5.00,0.00,0.00,NULL,'Grams'),(335,NULL,'Jellies','sugar','2 teaspoons',20,1.00,10.00,NULL,5.00,0.00,0.00,NULL,'Grams'),(336,NULL,'Maraschino cherries','sugar','2-1/2 (2cm diameter)',20,1.00,20.00,NULL,5.00,0.00,0.00,NULL,'Grams'),(337,NULL,'Marshmallow','sugar','1 (2.5cm diameter)',20,1.00,5.00,NULL,5.00,0.00,0.00,NULL,'Grams'),(338,'Matamis sa bao','Coconut jam','sugar','1 teaspoon',20,1.00,5.00,NULL,5.00,0.00,0.00,NULL,'Grams'),(339,'Nata de coco',NULL,'sugar','2 tablespoons',20,1.00,15.00,NULL,5.00,0.00,0.00,NULL,'Grams'),(340,'Nata de pinya',NULL,'sugar','2 tablespoons',20,1.00,10.00,NULL,5.00,0.00,0.00,NULL,'Grams'),(341,'Pakaskas',NULL,'sugar','1 teaspoon',20,1.00,5.00,NULL,5.00,0.00,0.00,NULL,'Grams'),(342,'Panutsa (ginadgad)',NULL,'sugar','1 teaspoon',20,1.00,5.00,NULL,5.00,0.00,0.00,NULL,'Grams'),(343,'Pastillas (duryan)',NULL,'sugar','1 (5 x 1 x 1 cm)',20,1.00,5.00,NULL,5.00,0.00,0.00,NULL,'Grams'),(344,'Pastillas (gatas)',NULL,'sugar','1 (5 x 1 x 1 cm)',20,1.00,5.00,NULL,5.00,0.00,0.00,NULL,'Grams'),(345,'Pastillas (langka)',NULL,'sugar','1 (5 x 1 x 1 cm)',20,1.00,5.00,NULL,5.00,0.00,0.00,NULL,'Grams'),(346,'Sampaloc candy',NULL,'sugar','1 (1.5cm long x 1cm thick)',20,1.00,5.00,NULL,5.00,0.00,0.00,NULL,'Grams'),(347,'Asukal (puti)','Sugar (white)','sugar','1 teaspoon',20,1.00,5.00,NULL,5.00,0.00,0.00,NULL,'Grams'),(348,'Asukal (pula)','Sugar (brown)','sugar','1 teaspoon',20,1.00,5.00,NULL,5.00,0.00,0.00,NULL,'Grams'),(349,'Asukal (purong tubo)','Sugar (pure cane)','sugar','1 teaspoon',20,1.00,5.00,NULL,5.00,0.00,0.00,NULL,'Grams'),(350,'Asukal (arnibal)','Sugar (syrup)','sugar','1 teaspoon',20,1.00,5.00,NULL,5.00,0.00,0.00,NULL,'Grams'),(351,'Taho (may arnibal at sago)','Taho (with syrup and sago)','sugar','1/4 cup',20,1.00,40.00,NULL,5.00,0.00,0.00,NULL,'Grams'),(352,'Tira tira kendi','Tira tira candy','sugar','1pc',20,1.00,5.00,NULL,5.00,0.00,0.00,NULL,'Grams'),(353,NULL,'Toffee candy','sugar','1 (2.5 x 1.5 x 1 cm)',20,1.00,5.00,NULL,5.00,0.00,0.00,NULL,'Grams'),(354,'Ube halaya',NULL,'sugar','1 teaspoon',20,1.00,10.00,NULL,5.00,0.00,0.00,NULL,'Grams'),(355,'Yema',NULL,'sugar','1 (5 x 1-1/4 cm)',20,1.00,5.00,NULL,5.00,0.00,0.00,NULL,'Grams'),(356,'Halo-halo',NULL,'sugar','2-1/3 cups',20,4.00,102.50,NULL,5.00,0.00,0.00,NULL,'Grams'),(357,'Iskendi (Frostee)','Ice candy (Frostee)','sugar','1pc',20,3.00,33.33,NULL,5.00,0.00,0.00,NULL,'Grams'),(358,NULL,'Ice drop','sugar','1pc',20,4.00,25.00,NULL,5.00,0.00,0.00,NULL,'Grams'),(359,'Kundol (matamis)','Wax gourd (sweet)','sugar','1 (7 x 5 cm)',20,4.00,5.00,NULL,5.00,0.00,0.00,NULL,'Grams'),(360,'Pulboron','Polvoron','sugar','1 (4 x 2.5 x 1 cm)',20,2.00,5.00,NULL,5.00,0.00,0.00,NULL,'Grams'),(361,'Rimas (matamis)','Breadfruit (sweet)','sugar','1 (8 x 4 cm)',20,8.00,5.00,NULL,5.00,0.00,0.00,NULL,'Grams'),(362,'Ubedol',NULL,'sugar','1 bar (5 x 2 cm)',20,4.00,5.00,NULL,5.00,0.00,0.00,NULL,'Grams'),(363,'Bagoong','Shrimp paste','free','1 teaspoon',0,1.00,4.00,NULL,0.00,0.00,0.00,NULL,'Grams'),(364,NULL,'Bouillon (fat free soup)','free','1/2 cup',0,1.00,113.00,NULL,0.00,0.00,0.00,NULL,'Grams'),(365,NULL,'Carbonated drink (sugar-free)','free','1 bottle (regular size)',0,1.00,NULL,NULL,0.00,0.00,0.00,237.00,'ml'),(366,NULL,'Carbonated water','free','1 bottle (regular size)',0,1.00,NULL,NULL,0.00,0.00,0.00,237.00,'ml'),(367,NULL,'Hard candy (sugar-free)','free','1pc',0,1.00,5.00,NULL,0.00,0.00,0.00,NULL,'Grams'),(368,NULL,'Chili poweder','free','1 teaspoon',0,1.00,4.00,NULL,0.00,0.00,0.00,NULL,'Grams'),(369,NULL,'Cinnamon','free','1 teaspoon',0,1.00,4.00,NULL,0.00,0.00,0.00,NULL,'Grams'),(370,NULL,'Clear broth','free','1/2 cup',0,1.00,113.00,NULL,0.00,0.00,0.00,NULL,'Grams'),(371,'Kape','Coffee','free','1/2 cup',0,1.00,113.00,NULL,0.00,0.00,0.00,NULL,'Grams'),(372,NULL,'Curry','free','1 teaspoon',0,1.00,4.00,NULL,0.00,0.00,0.00,NULL,'Grams'),(373,NULL,'Drink mixes (sugar-free)','free','1 teaspoon',0,1.00,NULL,NULL,0.00,0.00,0.00,NULL,NULL),(374,'Patis','Fish sauce','free','1 teaspoon',0,1.00,4.00,NULL,0.00,0.00,0.00,NULL,'Grams'),(375,NULL,'Flavoring extract','free','1 teaspoon',0,1.00,4.00,NULL,0.00,0.00,0.00,NULL,'Grams'),(376,'Bawang','Garlic','free','1 clove',0,1.00,4.00,NULL,0.00,0.00,0.00,NULL,'Grams'),(377,NULL,'Gelatin (unsweetened)','free','1 teaspoon',0,1.00,4.00,NULL,0.00,0.00,0.00,NULL,'Grams'),(378,NULL,'Gum (sugar-free)','free','1pc',0,1.00,5.00,NULL,0.00,0.00,0.00,NULL,'Grams'),(379,NULL,'Herbs','free','1 teaspoon',0,1.00,4.00,NULL,0.00,0.00,0.00,NULL,'Grams'),(380,NULL,'Hot pepper (sauce)','free','1 teaspoon',0,1.00,4.00,NULL,0.00,0.00,0.00,NULL,'Grams'),(381,'Kalamansi','Calamansi','free','1pc',0,1.00,4.00,NULL,0.00,0.00,0.00,NULL,'Grams'),(382,'Kamias',NULL,'free','1pc',0,1.00,4.00,NULL,0.00,0.00,0.00,NULL,'Grams'),(383,'Karamay','Gooseberry','free','1pc',0,1.00,4.00,NULL,0.00,0.00,0.00,NULL,'Grams'),(384,NULL,'Lemon','free','1 teaspoon',0,1.00,4.00,NULL,0.00,0.00,0.00,NULL,'Grams'),(385,NULL,'Mustard','free','1 teaspoon',0,1.00,4.00,NULL,0.00,0.00,0.00,NULL,'Grams'),(386,'Sibuyas','Onion','free','4-1/2 oz',0,1.00,125.00,NULL,0.00,0.00,0.00,NULL,'Grams'),(387,'Oregano','Oregano','free','1 teaspoon',0,1.00,4.00,NULL,0.00,0.00,0.00,NULL,'Grams'),(388,NULL,'Paprika','free','1 teaspoon',0,1.00,4.00,NULL,0.00,0.00,0.00,NULL,'Grams'),(389,'Paminta','Pepper','free','1 teaspoon',0,1.00,4.00,NULL,0.00,0.00,0.00,NULL,'Grams'),(390,NULL,'Pickle (dill, unsweetened)','free','1pc',0,1.00,5.00,NULL,0.00,0.00,0.00,NULL,'Grams'),(391,NULL,'Pickle (sour, unsweetened)','free','1pc',0,1.00,5.00,NULL,0.00,0.00,0.00,NULL,'Grams'),(392,NULL,'Pimiento','free','1 teaspoon',0,1.00,4.00,NULL,0.00,0.00,0.00,NULL,'Grams'),(393,NULL,'Spices','free','1 teaspoon',0,1.00,4.00,NULL,0.00,0.00,0.00,NULL,'Grams'),(394,'Toyo','Soy sauce','free','1 teaspoon',0,1.00,4.00,NULL,0.00,0.00,0.00,NULL,'Grams'),(395,NULL,'Tomato juice','free','1 teaspoon',0,1.00,4.00,NULL,0.00,0.00,0.00,NULL,'Grams'),(396,NULL,'Tomato paste','free','1 teaspoon',0,1.00,4.00,NULL,0.00,0.00,0.00,NULL,'Grams'),(397,NULL,'Tomato sauce','free','1 teaspoon',0,1.00,4.00,NULL,0.00,0.00,0.00,NULL,'Grams'),(398,NULL,'Tonic water (sugar-free)','free','1 bottle (regular size)',0,1.00,NULL,NULL,0.00,0.00,0.00,237.00,'ml'),(399,'Tsaa','Tea','free','1/2 cup',0,1.00,NULL,NULL,0.00,0.00,0.00,118.00,'ml'),(400,'Suka','Vinegar','free','1 teaspoon',0,1.00,4.00,NULL,0.00,0.00,0.00,NULL,'Grams'),(401,NULL,'Worcestershire sauce','free','1 teaspoon',0,1.00,4.00,NULL,0.00,0.00,0.00,NULL,'Grams'),(402,NULL,'Soft drink','beverage','1 bottle (regular size)',20,5.00,NULL,'sugar',5.00,0.00,0.00,47.40,'ml'),(403,NULL,'Fruit flavored drink (grape, concentrate)','beverage','1 teaspoon',20,1.00,NULL,'sugar',5.00,0.00,0.00,5.00,'ml'),(404,NULL,'Fruit flavored drink (grapefruit, concentrate)','beverage','2 teaspoons',20,1.00,NULL,'sugar',5.00,0.00,0.00,10.00,'ml'),(405,NULL,'Fruit flavored drink (lemon, concentrate)','beverage','2 teaspoons',20,1.00,NULL,'sugar',5.00,0.00,0.00,10.00,'ml'),(406,NULL,'Fruit flavored drink (orange, concentrate)','beverage','2 teaspoons',20,1.00,NULL,'sugar',5.00,0.00,0.00,10.00,'ml'),(407,NULL,'Fruit flavored drink (strawberry, concentrate)','beverage','2 teaspoons',20,1.00,NULL,'sugar',5.00,0.00,0.00,10.00,'ml'),(408,NULL,'Fruit flavored drink (mango, concentrate)','beverage','4 teaspoons',20,1.00,NULL,'sugar',5.00,0.00,0.00,20.00,'ml'),(409,NULL,'Fruit flavored drink (guyabano, concentrate)','beverage','4 teaspoons',20,1.00,NULL,'sugar',5.00,0.00,0.00,20.00,'ml'),(410,NULL,'Fruit flavored drink (pineapple-pomelo, concentrate)','beverage','4 teaspoons',20,1.00,NULL,'sugar',5.00,0.00,0.00,20.00,'ml'),(411,NULL,'Fruit flavored drink (pomelo, concentrate)','beverage','4 teaspoons',20,1.00,NULL,'sugar',5.00,0.00,0.00,20.00,'ml'),(412,NULL,'Fruit flavored drink (powder, concentrate)','beverage','1 teaspoon',20,1.00,NULL,'sugar',5.00,0.00,0.00,5.00,'ml'),(413,NULL,'Fruit flavored drink (apple, concentrate, tetra-brick)','beverage','1 tetra-brick',20,6.50,NULL,'sugar',5.00,0.00,0.00,38.46,'ml'),(414,NULL,'Fruit flavored drink (guyabano, concentrate, tetra-brick)','beverage','1 tetra-brick',20,7.50,NULL,'sugar',5.00,0.00,0.00,33.33,'ml'),(415,NULL,'Fruit flavored drink (mango, concentrate, tetra-brick)','beverage','1 tetra-brick',20,5.50,NULL,'sugar',5.00,0.00,0.00,36.36,'ml'),(416,NULL,'Fruit flavored drink (melon, concentrate, tetra-brick)','beverage','1 tetra-brick',20,8.50,NULL,'sugar',5.00,0.00,0.00,23.53,'ml'),(417,NULL,'Fruit flavored drink (orange, concentrate, tetra-brick)','beverage','1 tetra-brick',20,6.50,NULL,'sugar',5.00,0.00,0.00,38.46,'ml'),(418,NULL,'Fruit flavored drink (pineapple, concentrate, tetra-brick)','beverage','1 tetra-brick',20,6.00,NULL,'sugar',5.00,0.00,0.00,41.67,'ml'),(419,NULL,'Fruit flavored drink (Mr. Juicy orange)','beverage','1 tetra-brick',20,4.50,NULL,'sugar',5.00,0.00,0.00,50.00,'ml'),(420,NULL,'Flavored milk drink (chocolate)','beverage','1 tetra-brick',201,1.00,NULL,NULL,31.00,8.00,5.00,250.00,'ml'),(421,NULL,'Flavored milk drink (banana split)','beverage','1 tetra-brick',158,1.00,NULL,NULL,29.00,6.00,2.00,230.00,'ml'),(422,NULL,'Flavored milk drink (melon recomb)','beverage','1 tetra-brick',201,1.00,NULL,NULL,31.00,8.00,5.00,250.00,'ml'),(423,NULL,'Flavored milk drink (strawberry full cream)','beverage','1 tetra-brick',228,1.00,NULL,NULL,31.00,8.00,8.00,250.00,'ml'),(424,NULL,'Flavored milk drink (mocha)','beverage','1 tetra-brick',203,1.00,NULL,NULL,28.00,7.00,7.00,230.00,'ml'),(425,NULL,'Flavored milk drink (vanilla)','beverage','1 tetra-brick',203,1.00,NULL,NULL,28.00,7.00,7.00,230.00,'ml'),(426,NULL,'Flavored milk drink (chocolate fruit)','beverage','1 tetra-brick',211,1.00,NULL,NULL,29.00,8.00,7.00,230.00,'ml'),(427,NULL,'Powdered drink (Klime Lite)','beverage','4 tablespoons',107,1.00,NULL,NULL,12.00,8.00,3.00,25.00,'ml'),(428,NULL,'Powdered drink (Cocoa)','beverage','5 tablespoons',113,1.00,NULL,NULL,12.00,5.00,5.00,25.00,'ml'),(429,NULL,'Powdered drink (Milo)','beverage','2-1/2 tablespoons',57,1.00,NULL,NULL,12.00,2.00,0.10,15.00,'ml'),(430,NULL,'Powdered drink (Ovaltine)','beverage','2 tablespoons',57,1.00,NULL,NULL,12.00,2.00,0.10,15.00,'ml'),(431,NULL,'Yoghurt drink (natural)','beverage','1 bottle',100,1.00,NULL,NULL,20.00,2.00,1.33,125.00,'ml'),(432,NULL,'Yoghurt drink (strawberry)','beverage','1 bottle',70,1.00,NULL,NULL,17.00,0.25,0.11,100.00,'ml'),(433,NULL,'Yoghurt (guyabano)','beverage','1 bottle',70,1.00,NULL,NULL,17.00,0.25,0.11,125.00,'ml'),(434,NULL,'Fruit flavored yoghurt (mandarin orange)','beverage','7 tablespoons',115,1.00,NULL,NULL,17.00,5.00,3.00,100.00,'ml'),(435,NULL,'Fruit flavored yoghurt (mango bits)','beverage','1/2 cup',176,1.00,NULL,NULL,29.00,6.00,4.00,125.00,'ml'),(436,NULL,'Yoghurt Lite n\' Rite (apricot)','beverage','1/2 cup',50,1.00,NULL,NULL,6.00,5.00,0.67,125.00,'ml'),(437,NULL,'Yoghurt Lite n\' Rite (grape)','beverage','7 tablespoons',40,1.00,NULL,NULL,5.00,4.00,0.44,100.00,'ml'),(438,NULL,'Yoghurt Lite n\' Rite (natural)','beverage','1/2 cup',100,1.00,NULL,NULL,20.00,2.00,1.33,125.00,'ml'),(439,NULL,'Yoghurt Lite n\' Rite (orange)','beverage','7 tablespoons',40,1.00,NULL,NULL,5.00,4.00,0.44,100.00,'ml'),(440,NULL,'Yoghurt Lite n\' Rite (strawberry)','beverage','1/2 cup',50,1.00,NULL,NULL,6.00,5.00,0.67,125.00,'ml'),(441,NULL,'Yoghurt Lite n\' Rite (diet cola)','beverage','1 bottle',2,1.00,NULL,NULL,0.20,0.20,0.00,237.00,'ml'),(442,NULL,'Yoghurt Lite n\' Rite (diet cola)','beverage','1 can',2,1.00,NULL,NULL,0.30,0.30,0.00,330.00,'ml'),(443,'Laman ng buko','Coconut meat','fruit','1/2 cup',85,1.00,100.00,NULL,10.00,0.00,5.00,NULL,'Grams'),(444,'Biskotso',NULL,'rice','2-1/2 (8 x 7 x 1.5 cm)',123,1.00,30.00,NULL,23.00,2.00,2.50,NULL,'Grams'),(445,'Butse (kamote)','Sesame balls (sweet potato)','rice','1 (7 x 1 cm)',123,1.00,45.00,NULL,23.00,2.00,2.50,NULL,'Grams'),(446,'Kamote cue',NULL,'rice','4 (5 x 3 x 1 cm)',123,1.00,55.00,NULL,23.00,2.00,2.50,NULL,'Grams'),(447,NULL,'Cream puff','rice','2 (6cm diameter)',123,1.00,45.00,NULL,23.00,2.00,2.50,NULL,'Grams'),(448,NULL,'Egg pie','milk','1/2 slice (10 x 3.5 cm)',123,1.00,60.00,'meat',23.00,2.00,2.50,NULL,'Grams'),(449,'Jacobina (special)','Jacobina (special)','rice','3 (5 x 4 x 1 cm)',123,1.00,30.00,NULL,23.00,2.00,2.50,NULL,'Grams'),(450,'Kababayan',NULL,'rice','2 (1.5cm thickness x 4.5cm diameter)',123,1.00,30.00,NULL,23.00,2.00,2.50,NULL,'Grams'),(451,'Kamatsile (processed)','Camachile (processed)','fruit','6 (6 x 2 cm)',123,1.00,30.00,NULL,23.00,2.00,2.50,NULL,'Grams'),(452,'Kikiam',NULL,'meat','2 (17 x 4 cm)',123,1.00,90.00,NULL,23.00,2.00,2.50,NULL,'Grams'),(453,NULL,'Gem cookies (plain)','rice','15 (1cm thick x 2.5cm diameter)',123,1.00,30.00,NULL,23.00,2.00,2.50,NULL,'Grams'),(454,'Mamon',NULL,'rice','2 (6 x 3 cm)',123,1.00,35.00,NULL,23.00,2.00,2.50,NULL,'Grams'),(455,NULL,'Mongo bread','rice','1 slice (10 x 8 x 1.5 cm)',123,1.00,40.00,NULL,23.00,2.00,2.50,NULL,'Grams'),(456,NULL,'Oatmeal (raw)','rice','5 tablespoons',123,1.00,30.00,NULL,23.00,2.00,2.50,NULL,'Grams'),(457,NULL,'Oatmeal (cooked, thick consistency)','rice','1 cup (5 tbsp raw oats x 1 cup water)',123,1.00,185.00,NULL,23.00,2.00,2.50,NULL,'Grams'),(458,NULL,'Oatmeal (cooked, thin consistency)','rice','1 cup (5 tbsp raw oats x 1.5 cups water)',123,1.00,255.00,NULL,23.00,2.00,2.50,NULL,'Grams'),(459,'Ogoy-ogoy',NULL,'rice','6 (5 x 3 x 1 cm)',123,1.00,30.00,NULL,23.00,2.00,2.50,NULL,'Grams'),(460,'Bread (pan de coco)',NULL,'rice','1 (7 x 6 cm)',123,1.00,40.00,NULL,23.00,2.00,2.50,NULL,'Grams'),(461,NULL,'Pretzels','rice','9 (9.5 x 0.7 cm)',123,1.00,30.00,NULL,23.00,2.00,2.50,NULL,'Grams'),(462,'Rosquillos',NULL,'rice','7 (5cm diameter)',123,1.00,30.00,NULL,23.00,2.00,2.50,NULL,'Grams'),(463,NULL,'Salted crackers ','rice','8 (5 x 4 x 1.5 cm)',123,1.00,30.00,NULL,23.00,2.00,2.50,NULL,'Grams'),(464,NULL,'Sweetened popcorn','rice','2 cups',123,1.00,30.00,NULL,23.00,2.00,2.50,NULL,'Grams'),(465,'Tugi','Yam','rice','2 (11 x 3 cm)',123,1.00,135.00,NULL,23.00,2.00,2.50,NULL,'Grams'),(466,NULL,'Banana cake','fruit','1 slice (7 x 6.5 x 2 cm)',145,1.00,50.00,NULL,23.00,2.00,5.00,NULL,'Grams'),(467,'Bitso-bitso',NULL,'rice','1 (13 x 5 cm)',145,1.00,40.00,NULL,23.00,2.00,5.00,NULL,'Grams'),(468,'Buko pie',NULL,'fruit','1/2 slice (10 x 3.5 cm)',145,1.00,60.00,NULL,23.00,2.00,5.00,NULL,'Grams'),(469,'Butse (mongo)','Sesame balls (mongo)','rice','1 (7 x 1 cm)',145,1.00,50.00,NULL,23.00,2.00,5.00,NULL,'Grams'),(470,'Canton','Canton','rice','1 cup',145,1.00,100.00,NULL,23.00,2.00,5.00,NULL,'Grams'),(471,NULL,'Chocolate cake','rice','1 slice (3 x 2 x 2 cm)',145,1.00,40.00,'sugar',23.00,2.00,5.00,NULL,'Grams'),(472,NULL,'Cinnamon roll','rice','1 (9 x 6 cm)',145,1.00,40.00,'sugar',23.00,2.00,5.00,NULL,'Grams'),(473,NULL,'Coco honey biscuit','rice','4 (8.5 x 5 x 0.5 cm)',145,1.00,30.00,'sugar',23.00,2.00,5.00,NULL,'Grams'),(474,NULL,'Crackers','rice','8 (5 x 4 x 0.5 cm)',145,1.00,35.00,'sugar',23.00,2.00,5.00,NULL,'Grams'),(475,NULL,'Fruit cake','fruit','1 slice (4 x 2 x 2 cm)',145,1.00,45.00,'sugar',23.00,2.00,5.00,NULL,'Grams'),(476,'Hopia (baboy)','Hopia (pork)','rice','1 (5 x 3 x 2 cm)',145,1.00,35.00,'meat',23.00,2.00,5.00,NULL,'Grams'),(477,'Hopia (munggo)','Hopia (mongo)','rice','1 (5cm diameter)',145,1.00,35.00,NULL,23.00,2.00,5.00,NULL,'Grams'),(478,NULL,'Hot cake','rice','1 (10cm diameter)',145,1.00,55.00,NULL,23.00,2.00,5.00,NULL,'Grams'),(479,'Karyoka',NULL,'rice','3 (4cm diameter)',145,1.00,40.00,NULL,23.00,2.00,5.00,NULL,'Grams'),(480,'Miki',NULL,'rice','1 cup',145,1.00,100.00,NULL,23.00,2.00,5.00,NULL,'Grams'),(481,'Pilipit',NULL,'rice','1 (10 x 3 cm)',145,1.00,30.00,NULL,23.00,2.00,5.00,NULL,'Grams'),(482,NULL,'Pretzels (chocolate)','rice','10 (10cm long)',145,1.00,35.00,NULL,23.00,2.00,5.00,NULL,'Grams'),(483,NULL,'Salted popcorn','rice','2 cups',145,1.00,35.00,NULL,23.00,2.00,5.00,NULL,'Grams'),(484,NULL,'Spanish bread','rice','1 (10 x 4 cm)',145,1.00,40.00,NULL,23.00,2.00,5.00,NULL,'Grams'),(485,NULL,'Brownies','rice','1/2 slice (8 x 7 x 2.5 cm)',168,1.00,40.00,NULL,23.00,2.00,7.50,NULL,'Grams'),(486,NULL,'Cheese cake','rice','1 (5cm diameter)',168,1.00,40.00,NULL,23.00,2.00,7.50,NULL,'Grams'),(487,'Kornik','Cornick','rice','1/2 cup',168,1.00,35.00,NULL,23.00,2.00,7.50,NULL,'Grams'),(488,NULL,'French fries','rice','1 cup',168,1.00,65.00,NULL,23.00,2.00,7.50,NULL,'Grams'),(489,NULL,'Instant noodles (chicken)','rice','1/2 (80gram pack)',168,1.00,40.00,NULL,23.00,2.00,7.50,NULL,'Grams'),(490,NULL,'Instant noodles (beef)','rice','1/2 (80gram pack)',168,1.00,40.00,NULL,23.00,2.00,7.50,NULL,'Grams'),(491,NULL,'Skyflakes','rice','4pcs',168,1.00,35.00,NULL,23.00,2.00,7.50,NULL,'Grams'),(492,NULL,'Cheese roll','rice','1 (10.5 x 5.5 cm)',184,1.00,50.00,NULL,23.00,6.00,7.50,NULL,'Grams'),(493,NULL,'Butter cookies','rice','7 (8 x 2 cm)',190,1.00,35.00,NULL,23.00,2.00,10.00,NULL,'Grams'),(494,'Donut','Doughnut','rice','1/2 (9 x 3 cm)',190,1.00,45.00,NULL,23.00,2.00,10.00,NULL,'Grams'),(495,'Gurgurya',NULL,'rice','23 (4 x 1 cm)',190,1.00,35.00,NULL,23.00,2.00,10.00,NULL,'Grams'),(496,NULL,'Pili nut cookies','rice','6 (5 x 1 cm)',190,1.00,35.00,NULL,23.00,2.00,10.00,NULL,'Grams'),(497,NULL,'Wafer','rice','7 (5cm square)',190,1.00,35.00,NULL,23.00,2.00,10.00,NULL,'Grams'),(498,NULL,'Corn chips (cheese flavor)','rice','1-1/3 cups',212,1.00,40.00,NULL,23.00,2.00,12.40,NULL,'Grams'),(499,NULL,'Eclair','rice','1 (18 x 2 cm)',212,1.00,100.00,NULL,23.00,2.00,12.40,NULL,'Grams'),(500,NULL,'Sunflower biscuit','rice','9 (7.5 x 4.5 cm)',212,1.00,40.00,NULL,23.00,2.00,12.40,NULL,'Grams'),(501,NULL,'Croissant (plain)','rice','1 (10 x 5.5 cm)',235,1.00,65.00,NULL,23.00,2.00,15.00,NULL,'Grams'),(502,NULL,'Pork pie','rice','1 (7 x 11 x 2 cm)',235,1.00,55.00,'meat',23.00,2.00,15.00,NULL,'Grams'),(503,NULL,'Potato chips','rice','1-1/2 cups',235,1.00,45.00,'vegetable',23.00,2.00,15.00,NULL,'Grams'),(504,NULL,'Muffin','rice','1 (8cm diameter)',290,1.00,110.00,NULL,46.00,4.00,10.00,NULL,'Grams'),(505,'Abitsuelas (puti, tuyo)','White kidney beans (dried)','rice','1/3 cup',71,1.00,55.00,NULL,11.50,5.00,0.50,NULL,'Grams'),(506,NULL,'Chili con carne','meat','1 cup',91,1.00,105.00,NULL,11.50,9.00,1.00,NULL,'Grams'),(507,'Munggo','Mung bean','vegetable','3/4 cup',91,1.00,75.00,NULL,11.50,9.00,1.00,NULL,'Grams'),(508,'Talaba','Oyster','meat','2/3 cup',91,1.00,105.00,NULL,11.50,9.00,1.00,NULL,'Grams'),(509,'Tahong','Saltwater mussel','meat','1/4 cup',91,1.00,45.00,NULL,11.50,9.00,1.00,NULL,'Grams'),(510,'Taho (plain)','Soy pudding (plain)','vegetable','2-3/4 cups',91,1.00,275.00,NULL,11.50,9.00,1.00,NULL,'Grams'),(511,NULL,'Luncheon meat','meat','2 slices (9 x 5 x 1 cm)',106,1.00,55.00,NULL,5.00,8.00,6.00,NULL,'Grams'),(512,'Murkon',NULL,'meat','2 slices (5.5 x 1.5 cm)',106,1.00,60.00,NULL,5.00,8.00,6.00,NULL,'Grams'),(513,'Palaman (keso)','Cheese spread','milk','4 tablespoons',116,1.00,55.00,NULL,7.50,8.00,6.00,NULL,'Grams'),(514,NULL,'Meat loaf (canned)','meat','2 slices (9 x 5 x 1-1/4 cm)',116,1.00,70.00,NULL,7.50,8.00,6.00,NULL,'Grams'),(515,NULL,'Potted meat','meat','5 tablespoons',116,1.00,75.00,NULL,7.50,8.00,6.00,NULL,'Grams'),(516,NULL,'Lima beans (seeds, dried)','vegetable','1/2 cup',120,1.00,75.00,NULL,23.00,6.00,0.40,NULL,'Grams'),(517,NULL,'Century egg','meat','1pc',136,1.00,65.00,NULL,11.50,9.00,6.00,NULL,'Grams'),(518,'Garbansos','Chickpea seeds','vegetable','1/2 cup',141,1.00,141.00,NULL,23.00,10.00,1.00,NULL,'Grams'),(519,'Tulya','Clam','meat','1/4 cup (without shell) or 5-1/2 cups (with shell) ',141,1.00,70.00,NULL,23.00,10.00,1.00,NULL,'Grams'),(520,'Paayap (buto)','Cowpea seeds','vegetable','1/2 cup',141,1.00,65.00,NULL,23.00,10.00,1.00,NULL,'Grams'),(521,NULL,'Fishball','meat','6 (3.5.cm diamater)',141,1.00,95.00,NULL,23.00,10.00,1.00,NULL,'Grams'),(522,NULL,'Hotdog','meat','2 (10 x 4 cm)',144,1.00,70.00,NULL,0.00,8.00,12.40,NULL,'Grams'),(523,NULL,'Peanut Cracker','rice','1/3 cup',162,1.00,35.00,NULL,10.00,8.00,10.00,NULL,'Grams'),(524,NULL,'Cheese native','milk','2 (4 x 4 x 1 cm)',167,1.00,60.00,NULL,0.00,8.00,15.00,NULL,'Grams'),(525,'Mani (nilaga)','Peanuts (boiled)','vegetable','1/2 cup',167,1.00,60.00,NULL,0.00,8.00,15.00,NULL,'Grams'),(526,NULL,'Spam','meat','3 slices (8 x 5 x 1 cm)',167,1.00,55.00,NULL,0.00,8.00,15.00,NULL,'Grams'),(527,NULL,'Lite hotdog','meat','1pc',169,1.00,55.00,NULL,10.00,12.00,9.00,NULL,'Grams'),(528,NULL,'Chicken spread','meat','5 tablespoons',174,1.00,70.00,NULL,7.50,8.00,12.40,NULL,'Grams'),(529,'Embutido',NULL,'meat','2-1/2 slices (5 x 1.5 cm)',187,1.00,60.00,NULL,5.00,8.00,15.00,NULL,'Grams'),(530,NULL,'Hamburger','meat','2-1/2 (4.5 x 1 cm)',187,1.00,50.00,NULL,5.00,8.00,15.00,NULL,'Grams'),(531,'Longanisa (bilbao)',NULL,'meat','2 (6 x 2 cm)',212,1.00,40.00,NULL,0.00,8.00,20.00,NULL,'Grams'),(532,'Baboy (kasim)','Pork (boston butt)','meat','1 slice (4.5 x 4 x 2.5 cm)',212,1.00,55.00,NULL,0.00,8.00,20.00,NULL,'Grams'),(533,'Baboy (liempo sa tiyan)','Pork (belly)','meat','1 slice (9.5 x 3 x 0.5 cm)',212,1.00,55.00,NULL,0.00,8.00,20.00,NULL,'Grams'),(534,'Baboy (tadyang)','Pork (rib)','meat','4 (12 x 2 x 2 cm)',212,1.00,90.00,NULL,0.00,8.00,20.00,NULL,'Grams'),(535,NULL,'Liver spread','meat','4-1/2 tablespoons',217,1.00,65.00,NULL,11.50,9.00,15.00,NULL,'Grams'),(536,'Kasoy (binusa)','Cashew (roasted)','rice','1/3 cup',252,1.00,40.00,'fruit',10.00,8.00,20.00,NULL,'Grams'),(537,'Baboy (buntot)','Pork (tail)','meat','1 slice (10 x 4 x 2 cm)',257,1.00,70.00,NULL,0.00,8.00,25.00,NULL,'Grams'),(538,'Baboy (paypay)','Pork (shoulder)','meat','1 slice (7 x 6 x 3.5 cm)',257,1.00,80.00,NULL,0.00,8.00,25.00,NULL,'Grams'),(539,'Baboy (liempo sa hulihan)','Pork (hind)','meat','1 slice (8 x 4 x 2.5 cm)',347,1.00,75.00,NULL,0.00,8.00,35.00,NULL,'Grams'),(540,'Baboy (likod)','Pork (loin)','meat','1 slice (8.5 x 6 x 2 cm)',347,1.00,95.00,NULL,0.00,8.00,35.00,NULL,'Grams'),(541,'Baboy (tagiliran)','Pork (center loin)','meat','1 slice (7 x 6 x 2.5 cm)',347,1.00,90.00,NULL,0.00,8.00,35.00,NULL,'Grams'),(542,'Longanisa (native)',NULL,'meat','3 (2.5 cm)',437,1.00,75.00,NULL,0.00,8.00,45.00,NULL,'Grams'),(543,'Longanisa (makaw)',NULL,'meat','2-1/2 (12 x 2 cm)',470,1.00,60.00,NULL,2.50,8.00,47.50,NULL,'Grams'),(544,'Kropeck',NULL,'rice','4 (7.5 x 11.5 cm)',145,1.00,20.00,NULL,23.00,2.00,5.00,NULL,'Grams'),(545,NULL,'Banana crackers','sugar','2 tablespoons',42,1.00,10.00,'rice',5.00,0.00,2.40,NULL,'Grams'),(546,NULL,'Chocolate candy with milk','sugar','2pcs (round)',42,1.00,10.00,NULL,5.00,0.00,2.40,NULL,'Grams'),(547,NULL,'Chocolate orange crunch','sugar','1/2 (10.5 x 0.5 x 4 cm)',42,1.00,10.00,NULL,5.00,0.00,2.40,NULL,'Grams'),(548,NULL,'Peanut brittle','sugar','2 (4 x 1 x 0.5 cm)',42,1.00,10.00,NULL,5.00,0.00,2.40,NULL,'Grams'),(549,NULL,'Pili nut candy','sugar','2 tablespoons',88,1.00,15.00,NULL,5.00,0.00,7.50,NULL,'Grams'),(550,'Acelgas (hilaw)','Chinese cabbage (raw)','vegetable','1 cup',8,1.00,25.00,NULL,1.50,0.50,0.00,NULL,'Grams'),(551,'Alagaw (dahon, hilaw)','Alagaw leaves (raw)','vegetable','1 cup',8,1.00,25.00,NULL,1.50,0.50,0.00,NULL,'Grams'),(552,'Alugbati (dahon, hilaw)','Alugbati leaves (raw)','vegetable','1 cup',8,1.00,25.00,NULL,1.50,0.50,0.00,NULL,'Grams'),(553,'Ampalaya (bunga, hilaw)','Ampalaya (fruit, raw)','vegetable','1 cup',8,1.00,25.00,NULL,1.50,0.50,0.00,NULL,'Grams'),(554,'Ampalaya (dahon, hilaw)','Ampalaya (leaves, raw)','vegetable','1 cup',8,1.00,25.00,NULL,1.50,0.50,0.00,NULL,'Grams'),(555,'Balbalulang (hilaw)','Seaweed (raw)','vegetable','1 cup',8,1.00,25.00,NULL,1.50,0.50,0.00,NULL,'Grams'),(556,'Abitsuelas (hilaw)','Baguio beans (raw)','vegetable','1 cup',8,1.00,25.00,NULL,1.50,0.50,0.00,NULL,'Grams'),(557,'Labong (hilaw)','Bamboo shoot (raw)','vegetable','1 cup',8,1.00,25.00,NULL,1.50,0.50,0.00,NULL,'Grams'),(558,'Puso ng saging (hilaw)','Banana heart (raw)','vegetable','1 cup',8,1.00,25.00,NULL,1.50,0.50,0.00,NULL,'Grams'),(559,'Bataw pods (hilaw)',NULL,'vegetable','1 cup',8,1.00,25.00,NULL,1.50,0.50,0.00,NULL,'Grams'),(560,NULL,'Beets (raw)','vegetable','1 cup',8,1.00,25.00,NULL,1.50,0.50,0.00,NULL,'Grams'),(561,'Repolyo (hilaw)','Cabbage (raw)','vegetable','1 cup',8,1.00,25.00,NULL,1.50,0.50,0.00,NULL,'Grams'),(562,'Kamoteng kahoy (dahon, hilaw)','Cassava (leaves, raw)','vegetable','1 cup',8,1.00,25.00,NULL,1.50,0.50,0.00,NULL,'Grams'),(563,NULL,'Cauliflower (raw)','vegetable','1 cup',8,1.00,25.00,NULL,1.50,0.50,0.00,NULL,'Grams'),(564,'Kamote (dahon, hilaw)','Sweet potato (leaves, raw)','vegetable','1 cup',8,1.00,25.00,NULL,1.50,0.50,0.00,NULL,'Grams'),(565,'Kintsay (dahon, hilaw)','Celery (leaves, raw)','vegetable','1 cup',8,1.00,25.00,NULL,1.50,0.50,0.00,NULL,'Grams'),(566,'Sayote (bunga, hilaw)','Chayote (fruit, raw)','vegetable','1 cup',8,1.00,25.00,NULL,1.50,0.50,0.00,NULL,'Grams'),(567,'Sayote (dahon, hilaw)','Chayote (leaves, raw)','vegetable','1 cup',8,1.00,25.00,NULL,1.50,0.50,0.00,NULL,'Grams'),(568,'Pipino (hilaw)','Cucumber (raw)','vegetable','1 cup',8,1.00,25.00,NULL,1.50,0.50,0.00,NULL,'Grams'),(569,'Talong (hilaw)','Eggplant (raw)','vegetable','1 cup',8,1.00,25.00,NULL,1.50,0.50,0.00,NULL,'Grams'),(570,'Gabi (dahon, hilaw)','Taro (leaves, raw)','vegetable','1 cup',8,1.00,25.00,NULL,1.50,0.50,0.00,NULL,'Grams'),(571,'Bawang (dahon, hilaw)','Garlic (leaves, raw)','vegetable','1 cup',8,1.00,25.00,NULL,1.50,0.50,0.00,NULL,'Grams'),(572,'Himbabao (hilaw)',NULL,'vegetable','1 cup',8,1.00,25.00,NULL,1.50,0.50,0.00,NULL,'Grams'),(573,'Kangkong (hilaw)','Water spinach (raw)','vegetable','1 cup',8,1.00,25.00,NULL,1.50,0.50,0.00,NULL,'Grams'),(574,'Katuray (bulaklak, hilaw)','Katuray (flowers, raw)','vegetable','1 cup',8,1.00,25.00,NULL,1.50,0.50,0.00,NULL,'Grams'),(575,'Katuray (dahon, hilaw)','Katuray (leaves, raw)','vegetable','1 cup',8,1.00,25.00,NULL,1.50,0.50,0.00,NULL,'Grams'),(576,'Litsugas (hilaw)','Lettuce (raw)','vegetable','1 cup',8,1.00,25.00,NULL,1.50,0.50,0.00,NULL,'Grams'),(577,'Malunggay (dahon, hilaw)',NULL,'vegetable','1 cup',8,1.00,25.00,NULL,1.50,0.50,0.00,NULL,'Grams'),(578,'Malunggay (pods, hilaw)',NULL,'vegetable','1 cup',8,1.00,25.00,NULL,1.50,0.50,0.00,NULL,'Grams'),(579,NULL,'Mushroom (fresh, raw)','vegetable','1 cup',8,1.00,25.00,NULL,1.50,0.50,0.00,NULL,'Grams'),(580,NULL,'Mustard (leaves, raw)','vegetable','1 cup',8,1.00,25.00,NULL,1.50,0.50,0.00,NULL,'Grams'),(581,'Okra (hilaw)',NULL,'vegetable','1 cup',8,1.00,25.00,NULL,1.50,0.50,0.00,NULL,'Grams'),(582,'Sibuyas (bunga, hilaw)','Onion (bulb, raw)','vegetable','1 cup',8,1.00,25.00,NULL,1.50,0.50,0.00,NULL,'Grams'),(583,'Pako (hilaw)','Fern (raw)','vegetable','1 cup',8,1.00,25.00,NULL,1.50,0.50,0.00,NULL,'Grams'),(584,'Papaya (berde, hilaw)','Papaya (green, raw)','vegetable','1 cup',8,1.00,25.00,NULL,1.50,0.50,0.00,NULL,'Grams'),(585,'Patola (hilaw)','Sponge gourd (raw)','vegetable','1 cup',8,1.00,25.00,NULL,1.50,0.50,0.00,NULL,'Grams'),(586,'Dahon ng sili (hilaw)','Pepper (leaves, raw)','vegetable','1 cup',8,1.00,25.00,NULL,1.50,0.50,0.00,NULL,'Grams'),(587,NULL,'Pepper (fruit, raw)','vegetable','1 cup',8,1.00,25.00,NULL,1.50,0.50,0.00,NULL,'Grams'),(588,'Petsay (hilaw)','Chinese white cabbage (raw)','vegetable','1 cup',8,1.00,25.00,NULL,1.50,0.50,0.00,NULL,'Grams'),(589,'Pokpoklo (hilaw)','Seaweed (raw)','vegetable','1 cup',8,1.00,25.00,NULL,1.50,0.50,0.00,NULL,'Grams'),(590,'Labanos (hilaw)','Radish (raw)','vegetable','1 cup',8,1.00,25.00,NULL,1.50,0.50,0.00,NULL,'Grams'),(591,'Saluyot (luto)','Jute (cooked)','vegetable','1 cup',8,1.00,25.00,NULL,1.50,0.50,0.00,NULL,'Grams'),(592,'Sigarilyas (pods, hilaw)','Winged beans (pods, raw)','vegetable','1 cup',8,1.00,25.00,NULL,1.50,0.50,0.00,NULL,'Grams'),(593,'Kulitis (hilaw)','Spinach (raw)','vegetable','1 cup',8,1.00,25.00,NULL,1.50,0.50,0.00,NULL,'Grams'),(594,'Kalabasa (bulaklak, hilaw)','Squash (flowers, raw)','vegetable','1 cup',8,1.00,25.00,NULL,1.50,0.50,0.00,NULL,'Grams'),(595,'Kalabasa (dahon, hilaw)','Squash (leaves, raw)','vegetable','1 cup',8,1.00,25.00,NULL,1.50,0.50,0.00,NULL,'Grams'),(596,'Sitaw (dahon, hilaw)','Stringbeans (leaves, raw)','vegetable','1 cup',8,1.00,25.00,NULL,1.50,0.50,0.00,NULL,'Grams'),(597,'Sitsaro (hilaw)','Sweet pea pods (raw)','vegetable','1 cup',8,1.00,25.00,NULL,1.50,0.50,0.00,NULL,'Grams'),(598,'Talinum (hilaw)','Philippine spinach (raw)','vegetable','1 cup',8,1.00,25.00,NULL,1.50,0.50,0.00,NULL,'Grams'),(599,'Kamatis (hilaw)','Tomato (raw)','vegetable','1 cup',8,1.00,25.00,NULL,1.50,0.50,0.00,NULL,'Grams'),(600,'Unsoy (hilaw)','Coriander (raw)','vegetable','1 cup',8,1.00,25.00,NULL,1.50,0.50,0.00,NULL,'Grams'),(601,'Upo (hilaw)','Bottle gourd (raw)','vegetable','1 cup',8,1.00,25.00,NULL,1.50,0.50,0.00,NULL,'Grams'),(602,'Acelgas (luto)','Chinese cabbage (cooked)','vegetable','1/2 cup',8,1.00,45.00,NULL,1.50,0.50,0.00,NULL,'Grams'),(603,'Alagaw (dahon, luto)','Alagaw (leaves, cooked)','vegetable','1/2 cup',8,1.00,45.00,NULL,1.50,0.50,0.00,NULL,'Grams'),(604,'Alugbati (dahon, luto)','Alugbati (leaves, cooked)','vegetable','1/2 cup',8,1.00,45.00,NULL,1.50,0.50,0.00,NULL,'Grams'),(605,'Ampalaya (bunga, luto)','Ampalaya (fruit, cooked)','vegetable','1/2 cup',8,1.00,45.00,NULL,1.50,0.50,0.00,NULL,'Grams'),(606,'Ampalaya (dahon, luto)','Ampalaya (leaves, cooked)','vegetable','1/2 cup',8,1.00,45.00,NULL,1.50,0.50,0.00,NULL,'Grams'),(607,'Balbalulang (luto)','Seaweed (cooked)','vegetable','1/2 cup',8,1.00,45.00,NULL,1.50,0.50,0.00,NULL,'Grams'),(608,'Abitsuelas (luto)','Baguio beans (cooked)','vegetable','1/2 cup',8,1.00,45.00,NULL,1.50,0.50,0.00,NULL,'Grams'),(609,'Labong (luto)','Bamboo shoot (cooked)','vegetable','1/2 cup',8,1.00,45.00,NULL,1.50,0.50,0.00,NULL,'Grams'),(610,'Puso ng saging (luto)','Banana heart (cooked)','vegetable','1/2 cup',8,1.00,45.00,NULL,1.50,0.50,0.00,NULL,'Grams'),(611,'Bataw pods (luto)',NULL,'vegetable','1/2 cup',8,1.00,45.00,NULL,1.50,0.50,0.00,NULL,'Grams'),(612,NULL,'Beets (raw)','vegetable','1/2 cup',8,1.00,45.00,NULL,1.50,0.50,0.00,NULL,'Grams'),(613,'Repolyo (luto)','Cabbage (cooked)','vegetable','1/2 cup',8,1.00,45.00,NULL,1.50,0.50,0.00,NULL,'Grams'),(614,'Kamoteng kahoy (dahon, luto)','Cassava (leaves, cooked)','vegetable','1/2 cup',8,1.00,45.00,NULL,1.50,0.50,0.00,NULL,'Grams'),(615,NULL,'Cauliflower (cooked)','vegetable','1/2 cup',8,1.00,45.00,NULL,1.50,0.50,0.00,NULL,'Grams'),(616,'Kamote (dahon, luto)','Sweet potato (leaves, cooked)','vegetable','1/2 cup',8,1.00,45.00,NULL,1.50,0.50,0.00,NULL,'Grams'),(617,'Kintsay (luto)','Celery ( cooked)','vegetable','1/2 cup',8,1.00,45.00,NULL,1.50,0.50,0.00,NULL,'Grams'),(618,'Sayote (bunga, luto)','Chayote (fruit, cooked)','vegetable','1/2 cup',8,1.00,45.00,NULL,1.50,0.50,0.00,NULL,'Grams'),(619,'Sayote (dahon, luto)','Chayote (leaves, cooked)','vegetable','1/2 cup',8,1.00,45.00,NULL,1.50,0.50,0.00,NULL,'Grams'),(620,'Pipino (luto)','Cucumber (cooked)','vegetable','1/2 cup',8,1.00,45.00,NULL,1.50,0.50,0.00,NULL,'Grams'),(621,'Talong (luto)','Eggplant (cooked)','vegetable','1/2 cup',8,1.00,45.00,NULL,1.50,0.50,0.00,NULL,'Grams'),(622,'Gabi (dahon, luto)','Taro (leaves, cooked)','vegetable','1/2 cup',8,1.00,45.00,NULL,1.50,0.50,0.00,NULL,'Grams'),(623,'Bawang (dahon, luto)','Garlic (leaves, cooked)','vegetable','1/2 cup',8,1.00,45.00,NULL,1.50,0.50,0.00,NULL,'Grams'),(624,'Himbabao (luto)',NULL,'vegetable','1/2 cup',8,1.00,45.00,NULL,1.50,0.50,0.00,NULL,'Grams'),(625,'Kangkong (luto)','Water spinach (cooked)','vegetable','1/2 cup',8,1.00,45.00,NULL,1.50,0.50,0.00,NULL,'Grams'),(626,'Katuray (dahon, luto)','Katuray (leaves, cooked)','vegetable','1/2 cup',8,1.00,45.00,NULL,1.50,0.50,0.00,NULL,'Grams'),(627,'Katuray (bulaklak, luto)','Katuray (flowers, cooked)','vegetable','1/2 cup',8,1.00,45.00,NULL,1.50,0.50,0.00,NULL,'Grams'),(628,'Litsugas (luto)','Lettuce (cooked)','vegetable','1/2 cup',8,1.00,45.00,NULL,1.50,0.50,0.00,NULL,'Grams'),(629,'Malunggay (dahon, luto)',NULL,'vegetable','1/2 cup',8,1.00,45.00,NULL,1.50,0.50,0.00,NULL,'Grams'),(630,'Malunggay (pods, luto)',NULL,'vegetable','1/2 cup',8,1.00,45.00,NULL,1.50,0.50,0.00,NULL,'Grams'),(631,NULL,'Mushroom (fresh, cooked)','vegetable','1/2 cup',8,1.00,45.00,NULL,1.50,0.50,0.00,NULL,'Grams'),(632,'Okra (luto)',NULL,'vegetable','1/2 cup',8,1.00,45.00,NULL,1.50,0.50,0.00,NULL,'Grams'),(633,'Sibuyas (bunga, luto)','Onion (bulb, cooked)','vegetable','1/2 cup',8,1.00,45.00,NULL,1.50,0.50,0.00,NULL,'Grams'),(634,'Pako (luto)','Fern (cooked)','vegetable','1/2 cup',8,1.00,45.00,NULL,1.50,0.50,0.00,NULL,'Grams'),(635,'Papaya (berde, luto)','Papaya (green, cooked)','vegetable','1/2 cup',8,1.00,45.00,NULL,1.50,0.50,0.00,NULL,'Grams'),(636,'Patola (luto)','Sponge gourd (cooked)','vegetable','1/2 cup',8,1.00,45.00,NULL,1.50,0.50,0.00,NULL,'Grams'),(637,NULL,'Pepper (fruit, cooked)','vegetable','1/2 cup',8,1.00,45.00,NULL,1.50,0.50,0.00,NULL,'Grams'),(638,'Dahon ng sili (luto)','Pepper (leaves, cooked)','vegetable','1/2 cup',8,1.00,45.00,NULL,1.50,0.50,0.00,NULL,'Grams'),(639,'Petsay (luto)','Chinese white cabbage (cooked)','vegetable','1/2 cup',8,1.00,45.00,NULL,1.50,0.50,0.00,NULL,'Grams'),(640,'Pokpoklo (luto)','Seaweed (cooked)','vegetable','1/2 cup',8,1.00,45.00,NULL,1.50,0.50,0.00,NULL,'Grams'),(641,'Labanos (luto)','Radish (cooked)','vegetable','1/2 cup',8,1.00,45.00,NULL,1.50,0.50,0.00,NULL,'Grams'),(642,'Sigarilyas (pods, luto)','Winged beans (pods, cooked)','vegetable','1/2 cup',8,1.00,45.00,NULL,1.50,0.50,0.00,NULL,'Grams'),(643,'Kulitis (luto)','Spinach (cooked)','vegetable','1/2 cup',8,1.00,45.00,NULL,1.50,0.50,0.00,NULL,'Grams'),(644,'Kalabasa (bulaklak, luto)','Squash (flowers, cooked)','vegetable','1/2 cup',8,1.00,45.00,NULL,1.50,0.50,0.00,NULL,'Grams'),(645,'Kalabasa (bulaklak, luto)','Squash (flowers, cooked)','vegetable','1/2 cup',8,1.00,45.00,NULL,1.50,0.50,0.00,NULL,'Grams'),(646,'Kalabasa (dahon, luto)','Squash (leaves, cooked)','vegetable','1/2 cup',8,1.00,45.00,NULL,1.50,0.50,0.00,NULL,'Grams'),(647,'Sitaw (dahon, luto)','Stringbeans (leaves, cooked)','vegetable','1/2 cup',8,1.00,45.00,NULL,1.50,0.50,0.00,NULL,'Grams'),(648,'Sitsaro (luto)','Sweet pea pods (cooked)','vegetable','1/2 cup',8,1.00,45.00,NULL,1.50,0.50,0.00,NULL,'Grams'),(649,'Talinum (luto)','Philippine spinach (cooked)','vegetable','1/2 cup',8,1.00,45.00,NULL,1.50,0.50,0.00,NULL,'Grams'),(650,'Kamatis (luto)','Tomato (cooked)','vegetable','1/2 cup',8,1.00,45.00,NULL,1.50,0.50,0.00,NULL,'Grams'),(651,'Unsoy (luto)','Coriander (cooked)','vegetable','1/2 cup',8,1.00,45.00,NULL,1.50,0.50,0.00,NULL,'Grams'),(652,'Upo (luto)','Bottle gourd (cooked)','vegetable','1/2 cup',8,1.00,45.00,NULL,1.50,0.50,0.00,NULL,'Grams'),(653,'Karot (hilaw)','Carrot (raw)','vegetable','1/2 cup',16,1.00,40.00,NULL,3.00,1.00,0.00,NULL,'Grams'),(654,'Ubod ng niyog (hilaw)','Coconut shoot (raw)','vegetable','1/2 cup',16,1.00,40.00,NULL,3.00,1.00,0.00,NULL,'Grams'),(655,'Paayap (bunga, hilaw)','Cowpea (pods, raw)','vegetable','1/2 cup',16,1.00,40.00,NULL,3.00,1.00,0.00,NULL,'Grams'),(656,'Kamansi (hilaw)','Breadnut (raw)','vegetable','1/2 cup',16,1.00,40.00,NULL,3.00,1.00,0.00,NULL,'Grams'),(657,'Langka (hilaw)','Jackfruit (raw)','vegetable','1/2 cup',16,1.00,40.00,NULL,3.00,1.00,0.00,NULL,'Grams'),(658,'Patani (bunga, hilaw)','Lima bean (pods, raw)','vegetable','1/2 cup',16,1.00,40.00,NULL,3.00,1.00,0.00,NULL,'Grams'),(659,'Toge (hilaw)','Mungbean sprout (raw)','vegetable','1/2 cup',16,1.00,40.00,NULL,3.00,1.00,0.00,NULL,'Grams'),(660,'Kadyos (bunga, hilaw)','Pigeon pea pods (raw)','vegetable','1/2 cup',16,1.00,40.00,NULL,3.00,1.00,0.00,NULL,'Grams'),(661,'Singkamas (bunga, hilaw)','Turnip (pods, raw)','vegetable','1/2 cup',16,1.00,40.00,NULL,3.00,1.00,0.00,NULL,'Grams'),(662,'Singkamas (lamang ugat, hilaw)','Turnip (tuber, raw)','vegetable','1/2 cup',16,1.00,40.00,NULL,3.00,1.00,0.00,NULL,'Grams'),(663,'Kalabasa (bunga, hilaw)','Squash (fruit, raw)','vegetable','1/2 cup',16,1.00,40.00,NULL,3.00,1.00,0.00,NULL,'Grams'),(664,'Sitaw (bunga, hilaw)','Stringbeans (pods, raw)','vegetable','1/2 cup',16,1.00,40.00,NULL,3.00,1.00,0.00,NULL,'Grams'),(665,'Karot (luto)','Carrot (cooked)','vegetable','1/2 cup',16,1.00,45.00,NULL,3.00,1.00,0.00,NULL,'Grams'),(666,'Paayad (bunga, luto)','Cowpea (pods, cooked)','vegetable','1/2 cup',16,1.00,45.00,NULL,3.00,1.00,0.00,NULL,'Grams'),(667,'Kamansi (luto)','Breadfruit (cooked)','vegetable','1/2 cup',16,1.00,45.00,NULL,3.00,1.00,0.00,NULL,'Grams'),(668,'Langka (luto)','Jackfruit (cooked)','vegetable','1/2 cup',16,1.00,45.00,NULL,3.00,1.00,0.00,NULL,'Grams'),(669,'Patani (bunga, luto)','Lima bean (pods, cooked)','vegetable','1/2 cup',16,1.00,45.00,NULL,3.00,1.00,0.00,NULL,'Grams'),(670,'Toge (luto)','Mungbean sprout (cooked)','vegetable','1/2 cup',16,1.00,45.00,NULL,3.00,1.00,0.00,NULL,'Grams'),(671,'Kadyos (bunga, luto)','Pigeon pea (pods, cooked)','vegetable','1/2 cup',16,1.00,45.00,NULL,3.00,1.00,0.00,NULL,'Grams'),(672,'Rimas (luto)','Breadfruit (cooked)','vegetable','1/2 cup',16,1.00,45.00,NULL,3.00,1.00,0.00,NULL,'Grams'),(673,'Singkamas (bunga, luto)','Turnip (pods, cooked)','vegetable','1/2 cup',16,1.00,45.00,NULL,3.00,1.00,0.00,NULL,'Grams'),(674,'Singkamas (lamang ugat, luto)','Turnip (tuber, cooked)','vegetable','1/2 cup',16,1.00,45.00,NULL,3.00,1.00,0.00,NULL,'Grams'),(675,'Kalabasa (bunga, luto)','Squash (fruit, cooked)','vegetable','1/2 cup',16,1.00,45.00,NULL,3.00,1.00,0.00,NULL,'Grams'),(676,'Sitaw (bunga, luto)','Stringbeans (pods, cooked)','vegetable','1/2 cup',16,1.00,45.00,NULL,3.00,1.00,0.00,NULL,'Grams');
/*!40000 ALTER TABLE `food` ENABLE KEYS */;
UNLOCK TABLES;

--
-- Table structure for table `ingredient`
--

DROP TABLE IF EXISTS `ingredient`;
/*!40101 SET @saved_cs_client     = @@character_set_client */;
/*!40101 SET character_set_client = utf8 */;
CREATE TABLE `ingredient` (
  `id` int(11) NOT NULL AUTO_INCREMENT,
  `gramsConsumed` decimal(7,2) DEFAULT NULL,
  `mlConsumed` decimal(7,2) DEFAULT NULL,
  `totalKcalConsumed` decimal(7,2) NOT NULL,
  `choGrams` decimal(7,2) NOT NULL,
  `proGrams` decimal(7,2) NOT NULL,
  `fatGrams` decimal(7,2) NOT NULL,
  `mealId` int(11) DEFAULT NULL,
  `foodId` int(11) DEFAULT NULL,
  PRIMARY KEY (`id`),
  KEY `FK_6c7cf51c4279c3268d6039ae1a1` (`mealId`),
  KEY `FK_04fb9dfaa7954d6aad75f5e406e` (`foodId`),
  CONSTRAINT `FK_04fb9dfaa7954d6aad75f5e406e` FOREIGN KEY (`foodId`) REFERENCES `food` (`id`) ON DELETE CASCADE,
  CONSTRAINT `FK_6c7cf51c4279c3268d6039ae1a1` FOREIGN KEY (`mealId`) REFERENCES `meal` (`id`) ON DELETE CASCADE
) ENGINE=InnoDB AUTO_INCREMENT=157 DEFAULT CHARSET=latin1;
/*!40101 SET character_set_client = @saved_cs_client */;

--
-- Dumping data for table `ingredient`
--

LOCK TABLES `ingredient` WRITE;
/*!40000 ALTER TABLE `ingredient` DISABLE KEYS */;
INSERT INTO `ingredient` VALUES (83,25.00,NULL,8.00,2.00,1.00,0.00,11,556),(84,245.00,NULL,287.00,0.00,56.00,7.00,11,199),(85,25.00,NULL,8.00,2.00,1.00,0.00,11,556),(86,25.00,NULL,8.00,2.00,1.00,0.00,11,556),(87,25.00,NULL,8.00,2.00,1.00,0.00,11,556),(88,25.00,NULL,8.00,2.00,1.00,0.00,11,556),(89,25.00,NULL,8.00,2.00,1.00,0.00,11,556),(90,25.00,NULL,8.00,2.00,1.00,0.00,11,556),(91,35.00,NULL,41.00,0.00,8.00,1.00,11,199),(92,20.00,NULL,41.00,0.00,8.00,1.00,11,235),(93,40.00,NULL,100.00,23.00,2.00,0.00,11,137),(94,50.00,NULL,187.00,5.00,8.00,15.00,11,530),(95,NULL,237.00,100.00,25.00,0.00,0.00,11,402),(96,50.00,NULL,187.00,5.00,8.00,15.00,11,530),(111,40.00,NULL,100.00,23.00,2.00,0.00,11,136),(112,30.00,NULL,86.00,0.00,8.00,6.00,13,237),(113,50.00,NULL,172.00,0.00,16.00,12.00,14,250),(114,80.00,NULL,100.00,23.00,2.00,0.00,14,102),(115,65.00,NULL,100.00,23.00,2.00,0.00,14,153),(116,25.00,NULL,100.00,23.00,2.00,0.00,15,107),(117,60.00,NULL,86.00,0.00,8.00,6.00,15,246),(118,40.00,NULL,86.00,0.00,8.00,6.00,15,257),(119,30.00,NULL,41.00,0.00,8.00,1.00,16,190),(120,40.00,NULL,40.00,10.00,0.00,0.00,16,26),(121,80.00,NULL,100.00,23.00,2.00,0.00,16,102),(122,25.00,NULL,100.00,23.00,2.00,0.00,17,107),(123,30.00,NULL,41.00,0.00,8.00,1.00,17,172),(124,70.00,NULL,144.00,0.00,8.00,12.40,18,522),(125,80.00,NULL,100.00,23.00,2.00,0.00,18,102),(126,60.00,NULL,86.00,0.00,8.00,6.00,18,246),(127,75.00,NULL,437.00,0.00,8.00,45.00,19,542),(128,40.00,NULL,100.00,23.00,2.00,0.00,20,134),(129,NULL,250.00,201.00,31.00,8.00,5.00,20,420),(130,55.00,NULL,212.00,0.00,8.00,20.00,21,533),(131,80.00,NULL,100.00,23.00,2.00,0.00,21,102),(132,80.00,NULL,100.00,23.00,2.00,0.00,22,102),(133,30.00,NULL,86.00,0.00,8.00,6.00,22,241),(134,40.00,NULL,168.00,23.00,2.00,8.00,22,490),(135,70.00,NULL,144.00,0.00,8.00,12.00,22,522),(136,60.00,NULL,86.00,0.00,8.00,6.00,23,246),(137,NULL,237.00,0.00,0.00,0.00,0.00,23,366),(138,35.00,NULL,86.00,0.00,8.00,6.00,23,249),(139,10.00,NULL,45.00,0.00,0.00,5.00,23,274),(140,70.00,NULL,144.00,0.00,8.00,12.40,24,522),(141,40.00,NULL,123.00,23.00,2.00,2.50,25,460),(142,55.00,NULL,106.00,5.00,8.00,6.00,26,511),(143,80.00,NULL,100.00,23.00,2.00,0.00,26,102),(144,320.00,NULL,400.00,92.00,8.00,0.00,26,102),(145,NULL,237.00,100.00,25.00,0.00,0.00,26,402),(146,60.00,NULL,123.00,0.00,24.00,3.00,27,236),(147,80.00,NULL,100.00,23.00,2.00,0.00,27,102),(148,80.00,NULL,100.00,23.00,2.00,0.00,28,102),(149,20.00,NULL,45.00,0.00,0.00,5.00,28,276),(150,320.00,NULL,158.00,0.00,0.00,18.00,28,303),(151,320.00,NULL,400.00,92.00,8.00,0.00,29,102),(153,105.00,NULL,216.00,0.00,12.00,19.00,29,522),(154,60.00,NULL,86.00,0.00,8.00,6.00,30,246),(155,320.00,NULL,400.00,92.00,8.00,0.00,30,102),(156,105.00,NULL,215.40,0.00,12.00,18.60,30,522);
/*!40000 ALTER TABLE `ingredient` ENABLE KEYS */;
UNLOCK TABLES;

--
-- Table structure for table `meal`
--

DROP TABLE IF EXISTS `meal`;
/*!40101 SET @saved_cs_client     = @@character_set_client */;
/*!40101 SET character_set_client = utf8 */;
CREATE TABLE `meal` (
  `id` int(11) NOT NULL AUTO_INCREMENT,
  `mealName` varchar(255) NOT NULL,
  `mealTotalKcal` decimal(7,2) NOT NULL,
  `mealChoGrams` decimal(7,2) NOT NULL,
  `mealProGrams` decimal(7,2) NOT NULL,
  `mealFatGrams` decimal(7,2) NOT NULL,
  `userId` int(11) DEFAULT NULL,
  PRIMARY KEY (`id`),
  KEY `FK_419ad998c5e3b37a7cce0f872f5` (`userId`),
  CONSTRAINT `FK_419ad998c5e3b37a7cce0f872f5` FOREIGN KEY (`userId`) REFERENCES `user` (`id`) ON DELETE CASCADE
) ENGINE=InnoDB AUTO_INCREMENT=31 DEFAULT CHARSET=latin1;
/*!40101 SET character_set_client = @saved_cs_client */;

--
-- Dumping data for table `meal`
--

LOCK TABLES `meal` WRITE;
/*!40000 ALTER TABLE `meal` DISABLE KEYS */;
INSERT INTO `meal` VALUES (11,'zzz',1099.00,95.00,99.00,39.00,8),(13,'ghg',86.00,0.00,8.00,6.00,8),(14,'Pakwing',372.00,46.00,20.00,12.00,11),(15,'Lunchhh',272.00,23.00,18.00,12.00,12),(16,'Breakfast',181.00,33.00,10.00,1.00,20),(17,'Meal 1',141.00,23.00,10.00,1.00,7),(18,'Watdog',330.00,23.00,18.00,18.40,29),(19,'Breakfast',437.00,0.00,8.00,45.00,32),(20,'BF1',301.00,54.00,10.00,5.00,28),(21,'L1',312.00,23.00,10.00,20.00,28),(22,'D1',498.00,46.00,20.00,26.00,28),(23,'BACHILOG EZ',217.00,0.00,16.00,17.00,33),(24,'Hottodoggo',144.00,0.00,8.00,12.40,34),(25,'Breakfast',123.00,23.00,2.00,2.50,35),(26,'Breakfast',706.00,145.00,18.00,6.00,52),(27,'Lunch',223.00,23.00,26.00,3.00,52),(28,'Dinner',303.00,23.00,2.00,23.00,52),(29,'Hotsi',616.00,92.00,20.00,19.00,52),(30,'Hotsilog',701.40,92.00,28.00,24.60,52);
/*!40000 ALTER TABLE `meal` ENABLE KEYS */;
UNLOCK TABLES;

--
-- Table structure for table `nutrient`
--

DROP TABLE IF EXISTS `nutrient`;
/*!40101 SET @saved_cs_client     = @@character_set_client */;
/*!40101 SET character_set_client = utf8 */;
CREATE TABLE `nutrient` (
  `id` int(11) NOT NULL AUTO_INCREMENT,
  `classification` varchar(255) NOT NULL,
  `proPerExchange` int(11) NOT NULL,
  `fatPerExchange` int(11) NOT NULL,
  `choPerExchange` int(11) NOT NULL,
  PRIMARY KEY (`id`)
) ENGINE=InnoDB AUTO_INCREMENT=12 DEFAULT CHARSET=latin1;
/*!40101 SET character_set_client = @saved_cs_client */;

--
-- Dumping data for table `nutrient`
--

LOCK TABLES `nutrient` WRITE;
/*!40000 ALTER TABLE `nutrient` DISABLE KEYS */;
INSERT INTO `nutrient` VALUES (1,'vegetable',1,0,3),(2,'fruit',0,0,0),(3,'milk-whole',8,10,0),(4,'milk-lowfat',8,5,0),(5,'milk-nonfat',8,0,0),(6,'rice',2,0,0),(7,'meat-lowfat',8,1,0),(8,'meat-mediumfat',8,6,0),(9,'meat-highfat',8,10,0),(10,'fat',0,5,0),(11,'sugar',0,0,0);
/*!40000 ALTER TABLE `nutrient` ENABLE KEYS */;
UNLOCK TABLES;

--
-- Table structure for table `progress`
--

DROP TABLE IF EXISTS `progress`;
/*!40101 SET @saved_cs_client     = @@character_set_client */;
/*!40101 SET character_set_client = utf8 */;
CREATE TABLE `progress` (
  `id` int(11) NOT NULL AUTO_INCREMENT,
  `totalKcalConsumed` int(11) NOT NULL,
  `date` varchar(255) NOT NULL,
  `userId` int(11) DEFAULT NULL,
  PRIMARY KEY (`id`),
  UNIQUE KEY `IDX_f364383695711674ac38ccadac` (`date`,`userId`),
  KEY `FK_0366c96237f98ea1c8ba6e1ec35` (`userId`),
  CONSTRAINT `FK_0366c96237f98ea1c8ba6e1ec35` FOREIGN KEY (`userId`) REFERENCES `user` (`id`) ON DELETE CASCADE
) ENGINE=InnoDB DEFAULT CHARSET=latin1;
/*!40101 SET character_set_client = @saved_cs_client */;

--
-- Dumping data for table `progress`
--

LOCK TABLES `progress` WRITE;
/*!40000 ALTER TABLE `progress` DISABLE KEYS */;
/*!40000 ALTER TABLE `progress` ENABLE KEYS */;
UNLOCK TABLES;

--
-- Table structure for table `session`
--

DROP TABLE IF EXISTS `session`;
/*!40101 SET @saved_cs_client     = @@character_set_client */;
/*!40101 SET character_set_client = utf8 */;
CREATE TABLE `session` (
  `id` varchar(255) NOT NULL,
  `expiresAt` int(11) NOT NULL,
  `data` text NOT NULL,
  PRIMARY KEY (`id`)
) ENGINE=InnoDB DEFAULT CHARSET=latin1;
/*!40101 SET character_set_client = @saved_cs_client */;

--
-- Dumping data for table `session`
--

LOCK TABLES `session` WRITE;
/*!40000 ALTER TABLE `session` DISABLE KEYS */;
/*!40000 ALTER TABLE `session` ENABLE KEYS */;
UNLOCK TABLES;

--
-- Table structure for table `user`
--

DROP TABLE IF EXISTS `user`;
/*!40101 SET @saved_cs_client     = @@character_set_client */;
/*!40101 SET character_set_client = utf8 */;
CREATE TABLE `user` (
  `id` int(11) NOT NULL AUTO_INCREMENT,
  `firstName` varchar(255) NOT NULL,
  `lastName` varchar(255) NOT NULL,
  `userName` varchar(255) NOT NULL,
  `password` varchar(255) NOT NULL,
  `sex` varchar(255) NOT NULL,
  `age` int(11) NOT NULL,
  `birthday` varchar(255) NOT NULL,
  `target` varchar(255) NOT NULL,
  `endDate` varchar(255) DEFAULT NULL,
  `weeksToComplete` int(11) DEFAULT NULL,
  `weightKg` decimal(7,2) NOT NULL,
  `weightLbs` decimal(7,2) NOT NULL,
  `goalKg` decimal(7,2) NOT NULL,
  `goalLbs` decimal(7,2) NOT NULL,
  `heightCm` decimal(7,2) NOT NULL,
  `heightFt` decimal(7,2) NOT NULL,
  `heightInch` decimal(7,2) NOT NULL,
  `bmi` decimal(7,2) NOT NULL,
  `lifestyleMultiplier` decimal(7,2) NOT NULL,
  `choPerDay` decimal(7,2) NOT NULL,
  `proPerDay` decimal(7,2) NOT NULL,
  `fatPerDay` decimal(7,2) NOT NULL,
  `kcalAddSubToGoal` decimal(7,2) DEFAULT NULL,
  `baseTEA` decimal(7,2) NOT NULL,
  `goalTEA` decimal(7,2) NOT NULL,
  `dbwKg` varchar(255) NOT NULL,
  `bmiClass` varchar(255) NOT NULL,
  `startDate` varchar(255) DEFAULT NULL,
  PRIMARY KEY (`id`),
  UNIQUE KEY `IDX_da5934070b5f2726ebfd3122c8` (`userName`)
) ENGINE=InnoDB AUTO_INCREMENT=56 DEFAULT CHARSET=latin1;
/*!40101 SET character_set_client = @saved_cs_client */;

--
-- Dumping data for table `user`
--

LOCK TABLES `user` WRITE;
/*!40000 ALTER TABLE `user` DISABLE KEYS */;
INSERT INTO `user` VALUES (5,'olol','Basilio','artemis031','$2b$10$SMWq16ZMX1s6/R0ypDpi2OKTXkALXC8M4hsnVedANVEbmEeqbJ.za','M',19,'1999-05-31','lose','2019-05-14',3,68.00,149.60,65.00,143.00,175.00,5.00,9.00,22.20,30.00,141.00,35.25,26.11,1100.00,2040.00,940.00,'59-72.1','Normal','2019-04-07'),(6,'Jefferson Louise','Basilio','jeff1','$2b$10$kZqyNycEopP0LWUc07pYnOUa6uMkypzVv8DcD2lVGWtbpFuV9w6i.','M',19,'1999-05-31','lose','2019-08-16',16,68.00,149.60,60.00,132.00,175.00,5.00,9.00,22.20,30.00,223.50,55.88,41.39,550.00,2040.00,1490.00,'59-72.1','','2019-04-07'),(7,'Jefferson Louise','Bas','gain','$2b$10$9MC8R8Yt9clmHlG/mPx3NO/h5JxaXL2lgSu/6Q3W4njQZAnpZYCme','M',19,'1999-05-31','maintain',NULL,61,60.00,132.00,60.00,132.00,162.00,5.00,4.00,22.86,30.00,270.00,67.50,50.00,1100.00,1800.00,1800.00,'49.9-60.9','Normal','2019-04-07'),(8,'Jefferson Louise','Basilio','maintain','$2b$10$YTf1X2OH1Q5NL7mPdLYWfOszzKZqBw.kuk7PeG6NTCKD41ZTRquqy','M',19,'1999-05-31','lose','2019-06-02',2,76.00,167.20,75.00,165.00,178.00,5.00,10.00,23.99,35.00,239.25,59.81,44.31,1100.00,2695.00,1595.00,'61.1-74.7','Normal','2019-04-07'),(9,'Jefferson Louise','Basilio','1111','$2b$10$h0Bip3HZpe/enfPvUU4LgeRuRuY9S7PSJDScK/FXpje.j2GCoBjIa','M',19,'1999-05-31','maintain',NULL,NULL,68.00,149.60,68.00,149.60,175.00,5.00,9.00,22.20,30.00,306.00,76.50,56.67,NULL,2040.00,2040.00,'59-72.1','Normal','2019-04-07'),(10,'Jefferson Louise','Basilio','aaaa','$2b$10$SO9Fel7VQcONNxzTk.CJ2u2YFr/YeUZVLKpehYmHikkGCcnmAAbQq','M',19,'1999-05-31','maintain',NULL,NULL,68.00,149.60,68.00,149.60,175.00,5.00,9.00,22.20,30.00,306.00,76.50,56.67,NULL,2040.00,2040.00,'59-72.1','Normal','2019-05-11'),(11,'M','Carandang','mcarandang','$2b$10$/I2NkZwATJbhCo8HwC10j.DiEwFf506RhUTn5pywuKfL6uo84sZW.','F',27,'1992-05-20','gain','2019-06-18',4,48.00,105.60,50.00,110.00,162.00,5.00,4.00,18.29,35.00,334.50,83.63,61.94,550.00,1680.00,2230.00,'49.1-60','Underweight','2019-05-21'),(12,'Jennifer','Basilio','bleepbloop','$2b$10$DIyjKr1Lpq1.D9vAOLaZlOzrnneQmqvwqNSbl0tSZEFXV9abZzDOO','F',15,'2003-10-07','gain','2019-07-30',10,44.50,97.90,50.00,110.00,164.00,5.00,5.00,16.55,35.00,352.50,88.13,65.28,880.00,1470.00,2350.00,'49.7-60.7','Underweight','2019-05-22'),(13,'Ganoya','Ganoya','Ganoya','$2b$10$0xRa4IdKLhS1OTRtsaA0nuCL3EFFduOcCg8Y9NOz.td.77daBDFVS','M',20,'1998-06-14','gain','2019-06-30',5,57.00,125.40,60.00,132.00,167.00,5.00,6.00,20.44,35.00,398.25,99.56,73.75,660.00,1995.00,2655.00,'53.4-65.2','Normal','2019-05-22'),(14,'Christian','Camma','ctcamma','$2b$10$pN7625fyf8XVFf6xX4Ii5.Y.NI9brbqsZbCp.pfbagylGGLRoWGnu','M',19,'1999-10-03','gain','2019-06-30',5,52.70,115.94,55.00,121.00,165.00,5.00,5.00,19.36,35.00,352.57,88.14,65.29,506.00,1844.50,2350.50,'52-63.5','Normal','2019-05-22'),(15,'Erlen Mae','Evangelista','emse','$2b$10$T/DTcdebK947Pg3ocRqtreX0Xadi2FzqnPnH5pBaRaD2Xfcq99FvO','F',20,'1999-05-22','lose','2019-08-31',14,65.00,143.00,55.00,121.00,158.00,5.00,2.00,26.04,30.00,174.64,43.66,32.34,785.71,1950.00,1164.29,'46.7-57.1','Overweight','2019-05-23'),(16,'Lorenz Matthew','Afable','renzoafable','$2b$10$vgO2wNd/ITpySFHmbiguEO1Dq3.UYqN1FGDMa2jMO9Nd6Vl6zmfuy','M',20,'1998-11-11','lose','2019-07-23',9,61.00,134.20,58.00,127.60,159.00,5.00,3.00,24.13,40.00,311.00,77.75,57.59,366.67,2440.00,2073.33,'47.8-58.4','Normal','2019-05-23'),(17,'Kitz','Quiachon','Kitz','$2b$10$ZzBBG1k9XkdcGsgqg1tuXee.58J4pdxLNVVfRxR8vixZ9O8pwpQdC','M',20,'1998-06-17','lose','2019-07-09',7,60.00,132.00,55.00,121.00,165.00,5.00,5.00,22.04,35.00,197.14,49.29,36.51,157.14,2100.00,1314.29,'52-63.5','Normal','2019-05-24'),(18,'Jefferson Louise','Basilio','asdasd','$2b$10$LHikYP0S4w7suSCProdRwujQF9hP4uwiHUhXDhvqgc6IRY8ow16Qy','M',19,'1999-05-31','maintain',NULL,NULL,69.00,151.80,68.00,149.60,175.00,5.00,9.00,22.53,30.00,306.00,76.50,56.67,NULL,2040.00,2040.00,'59-72.1','Normal','2019-05-24'),(19,'Carl Joseph','Sotelo','cjsotelo1','$2b$10$EBz0ETYffLQOCc1Ld7vDROTWd4QmDEH5vTL4EKLzbh6TjKC38OvHu','M',20,'1999-03-19','lose','2019-07-06',6,58.00,127.60,55.00,121.00,167.64,5.00,6.00,20.64,30.00,178.50,44.63,33.06,550.00,1740.00,1190.00,'54.1-66.1','Normal','2019-05-25'),(20,'Johnnedel','Pagsinohin','jcpagsinohin','$2b$10$.mHwpTsYoys6b./QAqCNzeLGvrBpNmq8TNa3o4S1mYyYR.C.5Soue','M',20,'1999-04-24','gain','2019-08-01',10,51.00,112.20,60.00,132.00,175.00,5.00,9.00,16.65,35.00,416.25,104.06,77.08,990.00,1785.00,2775.00,'59-72.1','Underweight','2019-05-25'),(21,'Charles Jo','Marquez','charlesmarquez','$2b$10$v3JBhsKYHoctUlEMMfZgGeK7XevpXKo8aH14wXH3gkw2FPQJF4Pv2','M',20,'1998-08-27','gain','2019-12-31',31,47.00,103.40,55.00,121.00,157.48,5.00,2.00,18.95,35.00,289.33,72.33,53.58,283.87,1645.00,1928.87,'46.3-56.3','Normal','2019-05-25'),(22,'Jemar','Reonico','mar','$2b$10$Pnk9ZaT6DktqWlGgqekW8OYqxpaORQ6s1Mrl7txnRZySzYCjTqrUO','M',20,'1998-11-26','lose','2019-07-31',10,64.00,140.80,60.00,132.00,174.00,5.00,9.00,21.14,40.00,318.00,79.50,58.89,440.00,2560.00,2120.00,'58.3-71.3','Normal','2019-05-25'),(23,'Carl Jobin','Almazan','CarlJ','$2b$10$uPSXLg3DRu1mdk4uEJ6Pj.EiGRnVM46ygnaSDfohuQkfYuSEog9.C','M',20,'1999-01-16','lose','2019-12-01',27,75.00,165.00,61.00,134.20,164.00,5.00,5.00,27.89,35.00,308.19,77.05,57.07,570.37,2625.00,2054.63,'51.3-62.7','Overweight','2019-05-26'),(24,'Patrine','Moreno','Pat','$2b$10$KhG0nr04Tht8RnUum4/nDuuCVEuin5OxA25z/r/wc1biuw8skggly','F',19,'1999-09-10','lose','2019-07-01',5,45.00,99.00,42.00,92.40,152.40,5.00,0.00,19.38,35.00,137.25,34.31,25.42,660.00,1575.00,915.00,'43.1-52.7','Normal','2019-05-26'),(25,'Antoniette','Sanchez','ausanchez1','$2b$10$wTdmtGOI2IUL1tThtRjPKe3b2CQyVGGk58wley0ukJal0Ian.q8U2','F',19,'1999-07-05','lose','2019-08-18',12,49.00,107.80,44.00,96.80,149.00,4.00,11.00,22.07,30.00,151.75,37.94,28.10,458.33,1470.00,1011.67,'41.4-50.5','Normal','2019-05-26'),(26,'Nina','Calderon','nenengbitbit','$2b$10$gKEb0xA0QHI.s1YWBzqzqe4zxDaIFByjA.W24oIN1G0tBWWNXnlGW','F',20,'1998-10-19','lose','2019-06-22',4,47.50,104.50,45.00,99.00,149.86,4.00,11.00,21.15,35.00,146.25,36.56,27.08,687.50,1662.50,975.00,'41.9-51.3','Normal','2019-05-26'),(27,'Rodrigo Joseph','Payson','RdJ17','$2b$10$rYdguA3kTbJZ6F0nq4jZDesUbtOYEVpoGIA5i8Cm/gKzrxH/kzPb2','M',21,'1998-04-17','lose','2019-10-01',18,62.00,136.40,55.00,121.00,162.56,0.00,64.00,23.46,30.00,214.83,53.71,39.78,427.78,1860.00,1432.22,'50.6-61.8','Normal','2019-05-26'),(28,'Kyle ','Pagubayan','KyKael','$2b$10$cT/NMnBrpm7PEBYbAA3ao.lT3o5S7yszx7sHSTtVTnwkHTN9AaCy6','M',20,'1998-10-05','lose','2019-08-01',9,64.00,140.80,60.00,132.00,167.00,5.00,6.00,22.95,40.00,310.67,77.67,57.53,488.89,2560.00,2071.11,'53.4-65.2','Normal','2019-05-27'),(29,'Harold James','Roxas','harryroxas','$2b$10$NIXjJVRfOUdwQ0sQCWMlquGrx/rVzBsmwnd1XjY8dpDkfs2AYlUZy','M',20,'1998-10-01','lose','2019-06-27',4,55.00,121.00,51.00,112.20,164.00,5.00,5.00,20.45,30.00,82.50,20.63,15.28,1100.00,1650.00,550.00,'51.3-62.7','Normal','2019-05-27'),(30,'Jefferson Louise','Basilio','jeff031','$2b$10$RPPR5uFDNS7ak9HLpx5LZ.mTh0FRT/4d3ERdqzgTKQ30GRHReG7Tq','M',19,'1999-05-31','maintain',NULL,NULL,68.50,150.70,68.00,149.60,175.00,5.00,9.00,22.37,30.00,306.00,76.50,56.67,NULL,2040.00,2040.00,'59-72.1','Normal','2019-05-27'),(31,'Gerald','Aguilar','Fungimaster_20','$2b$10$AtpLwHm4/JUO41.tErz4/eIlH5HBhJHRz9Wc8POBFi7w1FfFVbPXS','M',20,'1998-11-20','gain','2019-07-31',9,50.00,110.00,55.00,121.00,169.00,5.00,7.00,17.51,45.00,429.17,107.29,79.48,611.11,2250.00,2861.11,'54.8-67','Underweight','2019-05-27'),(32,'Alexander','Custodio','abcustodio1','$2b$10$/XtkjLUuuLNw.XtnmgdbjuZD35WyPlwmer6zPX0vTyuHhNP2.f4Ai','M',21,'1998-01-12','lose','2019-08-27',13,60.00,132.00,55.00,121.00,163.00,5.00,4.00,22.58,35.00,251.54,62.88,46.58,423.08,2100.00,1676.92,'50.6-61.8','Normal','2019-05-27'),(33,'Joma','Urbano','JomaUrbano','$2b$10$Ibt2zMHFtP.4AFgjIB1eaOlGkbV1NCif40zo4mHbRyPhQeYgYHyXG','M',21,'1998-05-08','gain','2019-06-17',3,68.00,149.60,70.00,154.00,180.00,5.00,11.00,20.99,30.00,416.00,104.00,77.04,733.33,2040.00,2773.33,'62.6-76.4','Normal','2019-05-27'),(34,'Natalie Nicole','Soluren','nbsoluren','$2b$10$msKYMxQDisZHEiSaLTjekuGYzB91sc8VlnB0x6WX8jcFB01eE5pK2','F',20,'1998-07-23','lose','2020-01-27',35,68.00,149.60,58.00,127.60,157.00,5.00,2.00,27.59,40.00,360.86,90.21,66.83,314.29,2720.00,2405.71,'46.1-56.4','Overweight','2019-05-27'),(35,'Jul Claudine','Baclay','Jcnb','$2b$10$EJyuuM7Mg138yQhU8rM7K.B8YdhKPLyr4nC2cgm8Mc3qa.jYJ309y','F',20,'1998-07-16','lose','2019-08-27',13,52.00,114.40,50.00,110.00,160.66,5.00,3.00,20.15,35.00,247.62,61.90,45.85,169.23,1820.00,1650.77,'48.5-59.3','Normal','2019-05-27'),(36,'Xearis','Sangalang','xrssnglng','$2b$10$.pIg4zm8CvbV5hhmZC.Guu7p6wrEy7BkbmFT0Q8CnIVXOuLWkB2VW','F',21,'1997-08-09','lose','2019-07-31',9,56.00,123.20,53.00,116.60,157.48,5.00,2.00,22.58,40.00,299.33,74.83,55.43,244.44,2240.00,1995.56,'46.1-56.4','Normal','2019-05-27'),(37,'Racquel','Cordero','Rockycordero','$2b$10$vpqUp/vcFZs7f50XuNhFeecKjiQbPfb8XiowA59KkCokXF1gaxt0O','F',21,'1997-08-16','gain','2019-06-03',1,52.00,114.40,53.00,116.60,157.00,5.00,2.00,21.10,35.00,438.00,109.50,81.11,1100.00,1820.00,2920.00,'46.1-56.4','Normal','2019-05-27'),(38,'Janella','Lastrella','janellaaisla_','$2b$10$cFyJ.kmsXIlcEVjXuIwL/.1/UP2YzaeRdhz2wPkWrwuLG6v/jMe1u','F',21,'1998-04-26','lose','2020-06-01',53,90.00,198.00,50.00,110.00,304.80,5.00,60.00,9.69,35.00,347.97,86.99,64.44,830.19,3150.00,2319.81,'43.1-52.7','Underweight','2019-05-27'),(39,'M','M','Mm','$2b$10$6v21uFAxEIwJVu2FjitYcu96QxftnBCGoKLRRjYEM1P87wquRMQ9K','F',20,'1998-09-02','gain','2019-08-27',13,46.00,101.20,50.00,110.00,155.00,5.00,1.00,19.15,35.00,292.27,73.07,54.12,338.46,1610.00,1948.46,'44.9-54.9','Normal','2019-05-27'),(40,'Bryan','Atienza','Bryanpogi','$2b$10$0R4CHQSzGiEjLPXQFSjiwOtIJ7TKGZIQY3DfVObUWiz.UT5kia9ym','M',20,'1998-10-11','gain','2019-08-01',9,57.00,125.40,65.00,143.00,166.00,5.00,5.00,20.69,30.00,403.17,100.79,74.66,977.78,1710.00,2687.78,'52.7-64.4','Normal','2019-05-27'),(41,'Marian','Ramos','marianramos','$2b$10$WN50MulNRekMP0J275KI/.NHKgwNUPB74wtuhqEDzGtWCwHpGCmfS','F',20,'1998-08-06','lose','2019-09-07',15,51.81,113.98,45.00,99.00,154.94,5.00,1.00,21.58,40.00,235.96,58.99,43.70,499.33,2072.40,1573.07,'44.9-54.9','Normal','2019-05-27'),(42,'Isabella Danisr','Gonzales','isagonzales','$2b$10$jdI8gG7JgiqOydhjHJsfw.ST6NteqbCAxiZ3BcZlbCxpKxtHLbywq','F',19,'1999-05-29','lose','2019-10-27',22,68.00,149.60,53.00,116.60,157.00,5.00,2.00,27.59,30.00,193.50,48.38,35.83,750.00,2040.00,1290.00,'46.1-56.4','Overweight','2019-05-27'),(43,'Karla','David','heykarleyyy','$2b$10$LCiTXT8YMB7LI.MIZjT36esSMtpuwax8pGCpJwp0WFsmX9FW5eU3y','F',20,'1999-01-31','gain','2019-12-02',27,51.00,112.20,54.00,118.80,169.00,5.00,7.00,17.86,30.00,247.83,61.96,45.90,122.22,1530.00,1652.22,'53.8-65.8','Underweight','2019-05-27'),(44,'Pamela','Dequilla','pam_dequilla','$2b$10$zs.rUv95x1f0BikZ/WCUZOkhXwHeZLztCim8/mLmm2BGt2Kv5LCKq','F',0,'2019-04-25','lose','2019-08-31',14,60.00,132.00,55.00,121.00,160.00,5.00,3.00,23.44,40.00,301.07,75.27,55.75,392.86,2400.00,2007.14,'47.9-58.5','Normal','2019-05-27'),(45,'Cristina Nicole','Dimagiba','Nicole05','$2b$10$lCjzVqyWVTymoMzNWhWO6eLa/e6wiR/anva3YPrnlh.VjR.h//4xy','F',0,'2018-11-05','lose','2019-08-31',14,63.00,138.60,55.00,121.00,346.46,5.70,68.00,5.25,35.00,236.46,59.12,43.79,628.57,2205.00,1576.43,'53.8-65.8','Underweight','2019-05-27'),(46,'Jainno','Bongon','jainno','$2b$10$XOX9Dh2wOkEBjEbF8ZGpkOqIQMT4rnbKanF3.qcPO7oE/OJQIJZRa','M',20,'1999-01-12','lose','2022-11-26',183,90.00,198.00,60.00,132.00,166.00,5.00,5.00,32.66,35.00,445.45,111.36,82.49,180.33,3150.00,2969.67,'52.7-64.4','Obese','2019-05-27'),(47,'Poging','Yser','pogingyser','$2b$10$6329AjJ32JjAEFIIsOwKo.fuGYWSragls5mWiLMKlu5MdQWfsmeMq','M',21,'1998-02-26','gain','2020-07-24',60,54.00,118.80,64.00,140.80,180.34,5.00,11.00,16.60,40.00,351.50,87.87,65.09,183.33,2160.00,2343.33,'62.6-76.4','Underweight','2019-05-28'),(48,'Hazel May','Gutlay','hdgutlay','$2b$10$dUj3BwXLNr305pBQHtQqWeWYseQ21ipA7qSrz50KxyLGbmP0ARGnW','F',20,'1999-05-01','lose','2020-01-01',31,56.00,123.20,50.00,110.00,155.00,5.00,1.00,23.31,35.00,262.06,65.52,48.53,212.90,1960.00,1747.10,'44.9-54.9','Normal','2019-05-28'),(49,'Janele','Belegal','jnlblgs','$2b$10$iOsbLvXSP7wHQ.OqK5rdgu9Y3ECiMCouGitCpv6IATPfjHuc3y7Oy','F',21,'1998-03-05','lose','2019-07-31',9,54.00,118.80,50.00,110.00,158.00,5.00,2.00,21.63,30.00,169.67,42.42,31.42,488.89,1620.00,1131.11,'46.7-57.1','Normal','2019-05-28'),(50,'Jean','Bagayan','jeanbagayan','$2b$10$lXa9uo/DKQWIymzAqLprfOTT4bhUG/swKwRxzIq4mhJeWlm9r.T52','F',21,'1998-03-20','lose','2019-07-31',9,58.00,127.60,51.00,112.20,163.83,5.00,4.50,21.61,35.00,176.17,44.04,32.62,855.56,2030.00,1174.44,'50.3-61.4','Normal','2019-05-29'),(51,'Davide','De ocampo','Davidedeocampo','$2b$10$su30IkNTrWZMgZR4uQAFvuspbcvHGhRMaAIUFTusjdLOv1ikrZ7GW','M',23,'1996-01-30','gain','2019-06-27',4,60.00,132.00,62.00,136.40,172.00,5.00,8.00,20.28,35.00,397.50,99.38,73.61,550.00,2100.00,2650.00,'56.9-69.6','Normal','2019-05-29'),(52,'Demo','Demo','demo','$2b$10$pF7UpI2.WdS2uBDYpMSeWeJKKUOqot102Cv3wcoOKVPVcUhb4Dw9O','M',19,'1999-05-31','gain','2019-06-19',3,65.50,144.10,68.00,149.60,175.00,5.00,9.00,21.39,30.00,432.25,108.06,80.05,825.00,1965.00,2881.67,'59-72.1','Normal','2019-05-13'),(53,'Malyn','Bernabe','masb97','$2b$10$3on.yri0ILbMN5qIeElOuuWi0PzuNQRA/O0YL5GGpmykKWVzUiZQO','F',22,'1997-05-04','gain','2019-07-29',9,41.00,90.20,45.00,99.00,154.00,5.00,1.00,17.29,35.00,288.58,72.15,53.44,488.89,1435.00,1923.89,'44.3-54.1','Underweight','2019-05-29'),(54,'Klari Alena','Batrina','klarialena','$2b$10$0eBiDl12phhxYLNViszq4OfAVregiEdorDqMCyrp89GdMyXxksSeS','F',18,'2000-09-29','lose','2019-06-29',4,47.00,103.40,45.00,99.00,147.50,4.00,10.00,21.60,30.00,129.00,32.25,23.89,550.00,1410.00,860.00,'40.8-49.8','Normal','2019-05-29'),(55,'Pauline Angela','Delfinado','pgdelfinado','$2b$10$TdLX.RAKiMfYe7rMgVAFveZp85J10W0F8Hh5.g014e0Ll652/njt.','F',20,'1998-07-28','lose','2019-07-28',8,55.00,121.00,50.00,110.00,167.00,5.00,6.00,19.72,30.00,144.38,36.09,26.74,687.50,1650.00,962.50,'52-63.6','Normal','2019-05-29');
/*!40000 ALTER TABLE `user` ENABLE KEYS */;
UNLOCK TABLES;

--
-- Table structure for table `weight`
--

DROP TABLE IF EXISTS `weight`;
/*!40101 SET @saved_cs_client     = @@character_set_client */;
/*!40101 SET character_set_client = utf8 */;
CREATE TABLE `weight` (
  `id` int(11) NOT NULL AUTO_INCREMENT,
  `dateOfChange` varchar(255) NOT NULL,
  `userId` int(11) DEFAULT NULL,
  `weightKg` decimal(7,2) NOT NULL,
  `weightLbs` decimal(7,2) NOT NULL,
  PRIMARY KEY (`id`),
  KEY `FK_ee9312aff6c9fd36e604ed57f50` (`userId`),
  CONSTRAINT `FK_ee9312aff6c9fd36e604ed57f50` FOREIGN KEY (`userId`) REFERENCES `user` (`id`) ON DELETE CASCADE
) ENGINE=InnoDB AUTO_INCREMENT=18 DEFAULT CHARSET=latin1;
/*!40101 SET character_set_client = @saved_cs_client */;

--
-- Dumping data for table `weight`
--

LOCK TABLES `weight` WRITE;
/*!40000 ALTER TABLE `weight` DISABLE KEYS */;
INSERT INTO `weight` VALUES (1,'2019-05-14',8,72.00,158.40),(2,'2019-05-16',8,73.00,160.60),(3,'2019-05-19',8,75.00,165.00),(4,'2019-05-20',7,66.00,145.20),(5,'2019-05-24',17,60.00,132.00),(6,'2019-05-24',7,67.00,147.40),(9,'2019-05-26',7,60.00,132.00),(10,'2019-05-27',30,68.50,150.70),(11,'2019-05-27',12,44.50,97.90),(14,'2019-05-13',52,68.00,149.60),(15,'2019-05-27',52,66.00,145.20),(16,'2019-05-20',52,67.50,148.50),(17,'2019-05-29',52,65.50,144.10);
/*!40000 ALTER TABLE `weight` ENABLE KEYS */;
UNLOCK TABLES;
/*!40103 SET TIME_ZONE=@OLD_TIME_ZONE */;

/*!40101 SET SQL_MODE=@OLD_SQL_MODE */;
/*!40014 SET FOREIGN_KEY_CHECKS=@OLD_FOREIGN_KEY_CHECKS */;
/*!40014 SET UNIQUE_CHECKS=@OLD_UNIQUE_CHECKS */;
/*!40101 SET CHARACTER_SET_CLIENT=@OLD_CHARACTER_SET_CLIENT */;
/*!40101 SET CHARACTER_SET_RESULTS=@OLD_CHARACTER_SET_RESULTS */;
/*!40101 SET COLLATION_CONNECTION=@OLD_COLLATION_CONNECTION */;
/*!40111 SET SQL_NOTES=@OLD_SQL_NOTES */;

-- Dump completed on 2019-05-31  0:57:59
